Time,CORE_ZN ZN PSZ-AC-1:DesPer 1:Des Heat Mass Flow [kg/s],CORE_ZN ZN PSZ-AC-1:DesPer 1:Des Heat Cap [W],CORE_ZN ZN PSZ-AC-1:DesPer 1:Des Cool Mass Flow [kg/s],CORE_ZN ZN PSZ-AC-1:DesPer 1:Des Sens Cool Cap [W],CORE_ZN ZN PSZ-AC-1:DesPer 1:Des Tot Cool Cap [W],CORE_ZN ZN PSZ-AC-1:DesPer 2:Des Heat Mass Flow [kg/s],CORE_ZN ZN PSZ-AC-1:DesPer 2:Des Heat Cap [W],CORE_ZN ZN PSZ-AC-1:DesPer 2:Des Cool Mass Flow [kg/s],CORE_ZN ZN PSZ-AC-1:DesPer 2:Des Sens Cool Cap [W],CORE_ZN ZN PSZ-AC-1:DesPer 2:Des Tot Cool Cap [W],PERIMETER_ZN_1 ZN PSZ-AC-2:DesPer 1:Des Heat Mass Flow [kg/s],PERIMETER_ZN_1 ZN PSZ-AC-2:DesPer 1:Des Heat Cap [W],PERIMETER_ZN_1 ZN PSZ-AC-2:DesPer 1:Des Cool Mass Flow [kg/s],PERIMETER_ZN_1 ZN PSZ-AC-2:DesPer 1:Des Sens Cool Cap [W],PERIMETER_ZN_1 ZN PSZ-AC-2:DesPer 1:Des Tot Cool Cap [W],PERIMETER_ZN_1 ZN PSZ-AC-2:DesPer 2:Des Heat Mass Flow [kg/s],PERIMETER_ZN_1 ZN PSZ-AC-2:DesPer 2:Des Heat Cap [W],PERIMETER_ZN_1 ZN PSZ-AC-2:DesPer 2:Des Cool Mass Flow [kg/s],PERIMETER_ZN_1 ZN PSZ-AC-2:DesPer 2:Des Sens Cool Cap [W],PERIMETER_ZN_1 ZN PSZ-AC-2:DesPer 2:Des Tot Cool Cap [W],PERIMETER_ZN_2 ZN PSZ-AC-3:DesPer 1:Des Heat Mass Flow [kg/s],PERIMETER_ZN_2 ZN PSZ-AC-3:DesPer 1:Des Heat Cap [W],PERIMETER_ZN_2 ZN PSZ-AC-3:DesPer 1:Des Cool Mass Flow [kg/s],PERIMETER_ZN_2 ZN PSZ-AC-3:DesPer 1:Des Sens Cool Cap [W],PERIMETER_ZN_2 ZN PSZ-AC-3:DesPer 1:Des Tot Cool Cap [W],PERIMETER_ZN_2 ZN PSZ-AC-3:DesPer 2:Des Heat Mass Flow [kg/s],PERIMETER_ZN_2 ZN PSZ-AC-3:DesPer 2:Des Heat Cap [W],PERIMETER_ZN_2 ZN PSZ-AC-3:DesPer 2:Des Cool Mass Flow [kg/s],PERIMETER_ZN_2 ZN PSZ-AC-3:DesPer 2:Des Sens Cool Cap [W],PERIMETER_ZN_2 ZN PSZ-AC-3:DesPer 2:Des Tot Cool Cap [W],PERIMETER_ZN_3 ZN PSZ-AC-4:DesPer 1:Des Heat Mass Flow [kg/s],PERIMETER_ZN_3 ZN PSZ-AC-4:DesPer 1:Des Heat Cap [W],PERIMETER_ZN_3 ZN PSZ-AC-4:DesPer 1:Des Cool Mass Flow [kg/s],PERIMETER_ZN_3 ZN PSZ-AC-4:DesPer 1:Des Sens Cool Cap [W],PERIMETER_ZN_3 ZN PSZ-AC-4:DesPer 1:Des Tot Cool Cap [W],PERIMETER_ZN_3 ZN PSZ-AC-4:DesPer 2:Des Heat Mass Flow [kg/s],PERIMETER_ZN_3 ZN PSZ-AC-4:DesPer 2:Des Heat Cap [W],PERIMETER_ZN_3 ZN PSZ-AC-4:DesPer 2:Des Cool Mass Flow [kg/s],PERIMETER_ZN_3 ZN PSZ-AC-4:DesPer 2:Des Sens Cool Cap [W],PERIMETER_ZN_3 ZN PSZ-AC-4:DesPer 2:Des Tot Cool Cap [W],PERIMETER_ZN_4 ZN PSZ-AC-5:DesPer 1:Des Heat Mass Flow [kg/s],PERIMETER_ZN_4 ZN PSZ-AC-5:DesPer 1:Des Heat Cap [W],PERIMETER_ZN_4 ZN PSZ-AC-5:DesPer 1:Des Cool Mass Flow [kg/s],PERIMETER_ZN_4 ZN PSZ-AC-5:DesPer 1:Des Sens Cool Cap [W],PERIMETER_ZN_4 ZN PSZ-AC-5:DesPer 1:Des Tot Cool Cap [W],PERIMETER_ZN_4 ZN PSZ-AC-5:DesPer 2:Des Heat Mass Flow [kg/s],PERIMETER_ZN_4 ZN PSZ-AC-5:DesPer 2:Des Heat Cap [W],PERIMETER_ZN_4 ZN PSZ-AC-5:DesPer 2:Des Cool Mass Flow [kg/s],PERIMETER_ZN_4 ZN PSZ-AC-5:DesPer 2:Des Sens Cool Cap [W],PERIMETER_ZN_4 ZN PSZ-AC-5:DesPer 2:Des Tot Cool Cap [W]
00:10:00,7.157073E-02,1.234193E+03,3.170035E-01,3.456727E+03,3.520671E+03,1.468722E-01,5.478366E+03,7.157073E-02,0.000000E+00,0.000000E+00,5.425525E-02,9.355981E+02,2.711284E-01,2.963914E+03,2.947230E+03,2.613451E-01,7.000515E+03,5.425525E-02,0.000000E+00,0.000000E+00,3.218491E-02,5.550088E+02,1.749415E-01,1.915405E+03,1.908328E+03,1.553820E-01,4.159420E+03,3.218491E-02,0.000000E+00,0.000000E+00,5.425525E-02,9.355981E+02,2.666286E-01,2.913769E+03,2.898514E+03,2.396927E-01,6.589491E+03,5.425525E-02,0.000000E+00,0.000000E+00,3.218491E-02,5.550088E+02,1.887998E-01,2.069829E+03,2.068240E+03,1.544085E-01,4.140940E+03,3.218491E-02,0.000000E+00,0.000000E+00
00:20:00,7.157073E-02,1.246203E+03,3.159271E-01,3.432723E+03,3.495845E+03,1.468660E-01,5.478247E+03,7.157073E-02,0.000000E+00,0.000000E+00,5.425525E-02,9.447027E+02,2.692023E-01,2.933346E+03,2.915574E+03,2.613403E-01,7.000424E+03,5.425525E-02,0.000000E+00,0.000000E+00,3.218491E-02,5.604098E+02,1.736824E-01,1.895974E+03,1.888250E+03,1.553792E-01,4.159366E+03,3.218491E-02,0.000000E+00,0.000000E+00,5.425525E-02,9.447027E+02,2.649296E-01,2.885733E+03,2.869479E+03,2.396878E-01,6.589396E+03,5.425525E-02,0.000000E+00,0.000000E+00,3.218491E-02,5.604098E+02,1.873180E-01,2.047917E+03,2.045637E+03,1.544056E-01,4.140885E+03,3.218491E-02,0.000000E+00,0.000000E+00
00:30:00,7.157073E-02,1.258214E+03,3.148508E-01,3.408719E+03,3.471014E+03,1.468598E-01,5.478129E+03,7.157073E-02,0.000000E+00,0.000000E+00,5.425525E-02,9.538074E+02,2.672847E-01,2.902875E+03,2.884008E+03,2.613356E-01,7.000333E+03,5.425525E-02,0.000000E+00,0.000000E+00,3.218491E-02,5.658108E+02,1.724311E-01,1.876630E+03,1.868259E+03,1.553763E-01,4.159312E+03,3.218491E-02,0.000000E+00,0.000000E+00,5.425525E-02,9.538074E+02,2.632383E-01,2.857783E+03,2.840528E+03,2.396829E-01,6.589303E+03,5.425525E-02,0.000000E+00,0.000000E+00,3.218491E-02,5.658108E+02,1.858504E-01,2.026162E+03,2.023187E+03,1.544027E-01,4.140830E+03,3.218491E-02,0.000000E+00,0.000000E+00
00:40:00,7.157073E-02,1.270224E+03,3.137747E-01,3.384718E+03,3.446185E+03,1.468536E-01,5.478012E+03,7.157073E-02,0.000000E+00,0.000000E+00,5.425525E-02,9.629120E+02,2.653707E-01,2.872442E+03,2.852470E+03,2.613308E-01,7.000243E+03,5.425525E-02,0.000000E+00,0.000000E+00,3.218491E-02,5.712118E+02,1.711856E-01,1.857350E+03,1.848330E+03,1.553735E-01,4.159259E+03,3.218491E-02,0.000000E+00,0.000000E+00,5.425525E-02,9.629120E+02,2.615517E-01,2.829884E+03,2.811623E+03,2.396780E-01,6.589210E+03,5.425525E-02,0.000000E+00,0.000000E+00,3.218491E-02,5.712118E+02,1.843950E-01,2.004543E+03,2.000875E+03,1.543998E-01,4.140776E+03,3.218491E-02,0.000000E+00,0.000000E+00
00:50:00,7.157073E-02,1.282234E+03,3.126993E-01,3.360726E+03,3.421360E+03,1.468475E-01,5.477896E+03,7.157073E-02,0.000000E+00,0.000000E+00,5.425525E-02,9.720167E+02,2.634647E-01,2.842099E+03,2.821019E+03,2.613261E-01,7.000154E+03,5.425525E-02,0.000000E+00,0.000000E+00,3.218491E-02,5.766128E+02,1.699438E-01,1.838112E+03,1.828439E+03,1.553707E-01,4.159206E+03,3.218491E-02,0.000000E+00,0.000000E+00,5.425525E-02,9.720167E+02,2.598641E-01,2.801975E+03,2.782698E+03,2.396731E-01,6.589118E+03,5.425525E-02,0.000000E+00,0.000000E+00,3.218491E-02,5.766128E+02,1.829500E-01,1.983041E+03,1.978682E+03,1.543970E-01,4.140722E+03,3.218491E-02,0.000000E+00,0.000000E+00
01:00:00,7.157073E-02,1.294245E+03,3.116251E-01,3.336746E+03,3.396547E+03,1.468414E-01,5.477781E+03,7.157073E-02,0.000000E+00,0.000000E+00,5.425525E-02,9.811213E+02,2.615684E-01,2.811864E+03,2.789679E+03,2.613215E-01,7.000066E+03,5.425525E-02,0.000000E+00,0.000000E+00,3.218491E-02,5.820138E+02,1.687081E-01,1.818942E+03,1.808617E+03,1.553679E-01,4.159153E+03,3.218491E-02,0.000000E+00,0.000000E+00,5.425525E-02,9.811213E+02,2.581812E-01,2.774118E+03,2.753824E+03,2.396683E-01,6.589027E+03,5.425525E-02,0.000000E+00,0.000000E+00,3.218491E-02,5.820138E+02,1.815131E-01,1.961629E+03,1.956580E+03,1.543942E-01,4.140668E+03,3.218491E-02,0.000000E+00,0.000000E+00
01:10:00,7.157073E-02,1.302252E+03,3.105613E-01,3.316885E+03,3.375931E+03,1.468419E-01,5.477790E+03,7.157073E-02,0.000000E+00,0.000000E+00,5.425525E-02,9.871911E+02,2.597069E-01,2.785052E+03,2.761844E+03,2.613220E-01,7.000076E+03,5.425525E-02,0.000000E+00,0.000000E+00,3.218491E-02,5.856145E+02,1.674940E-01,1.801813E+03,1.790884E+03,1.553683E-01,4.159159E+03,3.218491E-02,0.000000E+00,0.000000E+00,5.425525E-02,9.871911E+02,2.565264E-01,2.749609E+03,2.728378E+03,2.396688E-01,6.589037E+03,5.425525E-02,0.000000E+00,0.000000E+00,3.218491E-02,5.856145E+02,1.800947E-01,1.942223E+03,1.936527E+03,1.543945E-01,4.140675E+03,3.218491E-02,0.000000E+00,0.000000E+00
01:20:00,7.157073E-02,1.310259E+03,3.094994E-01,3.297045E+03,3.355335E+03,1.468424E-01,5.477799E+03,7.157073E-02,0.000000E+00,0.000000E+00,5.425525E-02,9.932609E+02,2.578748E-01,2.758568E+03,2.734348E+03,2.613225E-01,7.000085E+03,5.425525E-02,0.000000E+00,0.000000E+00,3.218491E-02,5.892151E+02,1.662979E-01,1.784884E+03,1.773356E+03,1.553686E-01,4.159165E+03,3.218491E-02,0.000000E+00,0.000000E+00,5.425525E-02,9.932609E+02,2.548941E-01,2.725350E+03,2.703189E+03,2.396694E-01,6.589047E+03,5.425525E-02,0.000000E+00,0.000000E+00,3.218491E-02,5.892151E+02,1.786939E-01,1.923013E+03,1.916673E+03,1.543948E-01,4.140681E+03,3.218491E-02,0.000000E+00,0.000000E+00
01:30:00,7.157073E-02,1.318266E+03,3.084398E-01,3.277232E+03,3.334764E+03,1.468428E-01,5.477808E+03,7.157073E-02,0.000000E+00,0.000000E+00,5.425525E-02,9.993306E+02,2.560740E-01,2.732432E+03,2.707202E+03,2.613230E-01,7.000095E+03,5.425525E-02,0.000000E+00,0.000000E+00,3.218491E-02,5.928158E+02,1.651209E-01,1.768168E+03,1.756042E+03,1.553689E-01,4.159171E+03,3.218491E-02,0.000000E+00,0.000000E+00,5.425525E-02,9.993306E+02,2.532858E-01,2.701359E+03,2.678270E+03,2.396699E-01,6.589056E+03,5.425525E-02,0.000000E+00,0.000000E+00,3.218491E-02,5.928158E+02,1.773128E-01,1.904023E+03,1.897037E+03,1.543951E-01,4.140687E+03,3.218491E-02,0.000000E+00,0.000000E+00
01:40:00,7.157073E-02,1.326272E+03,3.073838E-01,3.257459E+03,3.314234E+03,1.468433E-01,5.477817E+03,7.157073E-02,0.000000E+00,0.000000E+00,5.425525E-02,1.005400E+03,2.543068E-01,2.706670E+03,2.680439E+03,2.613235E-01,7.000105E+03,5.425525E-02,0.000000E+00,0.000000E+00,3.218491E-02,5.964164E+02,1.639645E-01,1.751681E+03,1.738962E+03,1.553692E-01,4.159177E+03,3.218491E-02,0.000000E+00,0.000000E+00,5.425525E-02,1.005400E+03,2.517038E-01,2.677662E+03,2.653650E+03,2.396704E-01,6.589066E+03,5.425525E-02,0.000000E+00,0.000000E+00,3.218491E-02,5.964164E+02,1.759536E-01,1.885277E+03,1.877649E+03,1.543955E-01,4.140693E+03,3.218491E-02,0.000000E+00,0.000000E+00
01:50:00,7.157073E-02,1.334279E+03,3.063316E-01,3.237727E+03,3.293746E+03,1.468438E-01,5.477826E+03,7.157073E-02,0.000000E+00,0.000000E+00,5.425525E-02,1.011470E+03,2.525740E-01,2.681292E+03,2.654077E+03,2.613240E-01,7.000114E+03,5.425525E-02,0.000000E+00,0.000000E+00,3.218491E-02,6.000171E+02,1.628290E-01,1.735428E+03,1.722124E+03,1.553695E-01,4.159183E+03,3.218491E-02,0.000000E+00,0.000000E+00,5.425525E-02,1.011470E+03,2.501490E-01,2.654268E+03,2.629348E+03,2.396709E-01,6.589076E+03,5.425525E-02,0.000000E+00,0.000000E+00,3.218491E-02,6.000171E+02,1.746170E-01,1.866783E+03,1.858522E+03,1.543958E-01,4.140699E+03,3.218491E-02,0.000000E+00,0.000000E+00
02:00:00,7.157073E-02,1.342286E+03,3.052832E-01,3.218039E+03,3.273300E+03,1.468442E-01,5.477835E+03,7.157073E-02,0.000000E+00,0.000000E+00,5.425525E-02,1.017540E+03,2.508765E-01,2.656307E+03,2.628130E+03,2.613245E-01,7.000124E+03,5.425525E-02,0.000000E+00,0.000000E+00,3.218491E-02,6.036178E+02,1.617149E-01,1.719413E+03,1.705537E+03,1.553698E-01,4.159189E+03,3.218491E-02,0.000000E+00,0.000000E+00,5.425525E-02,1.017540E+03,2.486222E-01,2.631185E+03,2.605377E+03,2.396714E-01,6.589085E+03,5.425525E-02,0.000000E+00,0.000000E+00,3.218491E-02,6.036178E+02,1.733038E-01,1.848549E+03,1.839667E+03,1.543961E-01,4.140704E+03,3.218491E-02,0.000000E+00,0.000000E+00
02:10:00,7.157073E-02,1.348291E+03,3.042390E-01,3.200398E+03,3.254933E+03,1.468447E-01,5.477844E+03,7.157073E-02,0.000000E+00,0.000000E+00,5.425525E-02,1.022092E+03,2.492021E-01,2.633097E+03,2.603994E+03,2.613250E-01,7.000133E+03,5.425525E-02,0.000000E+00,0.000000E+00,3.218491E-02,6.063183E+02,1.606152E-01,1.704458E+03,1.690030E+03,1.553701E-01,4.159194E+03,3.218491E-02,0.000000E+00,0.000000E+00,5.425525E-02,1.022092E+03,2.471129E-01,2.609814E+03,2.583149E+03,2.396719E-01,6.589094E+03,5.425525E-02,0.000000E+00,0.000000E+00,3.218491E-02,6.063183E+02,1.720072E-01,1.831400E+03,1.821917E+03,1.543964E-01,4.140710E+03,3.218491E-02,0.000000E+00,0.000000E+00
02:20:00,7.157073E-02,1.354297E+03,3.031991E-01,3.182805E+03,3.236615E+03,1.468452E-01,5.477852E+03,7.157073E-02,0.000000E+00,0.000000E+00,5.425525E-02,1.026645E+03,2.475502E-01,2.610138E+03,2.580112E+03,2.613255E-01,7.000142E+03,5.425525E-02,0.000000E+00,0.000000E+00,3.218491E-02,6.090188E+02,1.595296E-01,1.689661E+03,1.674684E+03,1.553704E-01,4.159200E+03,3.218491E-02,0.000000E+00,0.000000E+00,5.425525E-02,1.026645E+03,2.456208E-01,2.588636E+03,2.561117E+03,2.396724E-01,6.589104E+03,5.425525E-02,0.000000E+00,0.000000E+00,3.218491E-02,6.090188E+02,1.707269E-01,1.814433E+03,1.804352E+03,1.543967E-01,4.140716E+03,3.218491E-02,0.000000E+00,0.000000E+00
02:30:00,7.157073E-02,1.360302E+03,3.021636E-01,3.165262E+03,3.218348E+03,1.468456E-01,5.477861E+03,7.157073E-02,0.000000E+00,0.000000E+00,5.425525E-02,1.031197E+03,2.459208E-01,2.587429E+03,2.556480E+03,2.613260E-01,7.000151E+03,5.425525E-02,0.000000E+00,0.000000E+00,3.218491E-02,6.117193E+02,1.584582E-01,1.675022E+03,1.659495E+03,1.553707E-01,4.159205E+03,3.218491E-02,0.000000E+00,0.000000E+00,5.425525E-02,1.031197E+03,2.441464E-01,2.567654E+03,2.539280E+03,2.396728E-01,6.589113E+03,5.425525E-02,0.000000E+00,0.000000E+00,3.218491E-02,6.117193E+02,1.694633E-01,1.797652E+03,1.786972E+03,1.543970E-01,4.140721E+03,3.218491E-02,0.000000E+00,0.000000E+00
02:40:00,7.157073E-02,1.366307E+03,3.011319E-01,3.147761E+03,3.200122E+03,1.468461E-01,5.477869E+03,7.157073E-02,0.000000E+00,0.000000E+00,5.425525E-02,1.035749E+03,2.443130E-01,2.564961E+03,2.533091E+03,2.613265E-01,7.000160E+03,5.425525E-02,0.000000E+00,0.000000E+00,3.218491E-02,6.144198E+02,1.574004E-01,1.660535E+03,1.644460E+03,1.553710E-01,4.159211E+03,3.218491E-02,0.000000E+00,0.000000E+00,5.425525E-02,1.035749E+03,2.426888E-01,2.546860E+03,2.517633E+03,2.396733E-01,6.589122E+03,5.425525E-02,0.000000E+00,0.000000E+00,3.218491E-02,6.144198E+02,1.682157E-01,1.781049E+03,1.769773E+03,1.543973E-01,4.140727E+03,3.218491E-02,0.000000E+00,0.000000E+00
02:50:00,7.157073E-02,1.372312E+03,3.001045E-01,3.130308E+03,3.181942E+03,1.468465E-01,5.477878E+03,7.157073E-02,0.000000E+00,0.000000E+00,5.425525E-02,1.040302E+03,2.427275E-01,2.542741E+03,2.509956E+03,2.613269E-01,7.000169E+03,5.425525E-02,0.000000E+00,0.000000E+00,3.218491E-02,6.171203E+02,1.563566E-01,1.646203E+03,1.629584E+03,1.553713E-01,4.159216E+03,3.218491E-02,0.000000E+00,0.000000E+00,5.425525E-02,1.040302E+03,2.412488E-01,2.526261E+03,2.496185E+03,2.396738E-01,6.589131E+03,5.425525E-02,0.000000E+00,0.000000E+00,3.218491E-02,6.171203E+02,1.669845E-01,1.764630E+03,1.752760E+03,1.543975E-01,4.140732E+03,3.218491E-02,0.000000E+00,0.000000E+00
03:00:00,7.157073E-02,1.378317E+03,2.990817E-01,3.112906E+03,3.163816E+03,1.468470E-01,5.477886E+03,7.157073E-02,0.000000E+00,0.000000E+00,5.425525E-02,1.044854E+03,2.411646E-01,2.520775E+03,2.487085E+03,2.613274E-01,7.000178E+03,5.425525E-02,0.000000E+00,0.000000E+00,3.218491E-02,6.198208E+02,1.553270E-01,1.632030E+03,1.614873E+03,1.553716E-01,4.159222E+03,3.218491E-02,0.000000E+00,0.000000E+00,5.425525E-02,1.044854E+03,2.398269E-01,2.505865E+03,2.474950E+03,2.396743E-01,6.589140E+03,5.425525E-02,0.000000E+00,0.000000E+00,3.218491E-02,6.198208E+02,1.657703E-01,1.748399E+03,1.735943E+03,1.543978E-01,4.140738E+03,3.218491E-02,0.000000E+00,0.000000E+00
03:10:00,7.157073E-02,1.384323E+03,2.980638E-01,3.095559E+03,3.145744E+03,1.468474E-01,5.477895E+03,7.157073E-02,0.000000E+00,0.000000E+00,5.425525E-02,1.049406E+03,2.396115E-01,2.498915E+03,2.464317E+03,2.613278E-01,7.000187E+03,5.425525E-02,0.000000E+00,0.000000E+00,3.218491E-02,6.225213E+02,1.543040E-01,1.617930E+03,1.600233E+03,1.553718E-01,4.159227E+03,3.218491E-02,0.000000E+00,0.000000E+00,5.425525E-02,1.049406E+03,2.384116E-01,2.485542E+03,2.453782E+03,2.396747E-01,6.589148E+03,5.425525E-02,0.000000E+00,0.000000E+00,3.218491E-02,6.225213E+02,1.645652E-01,1.732271E+03,1.719226E+03,1.543981E-01,4.140743E+03,3.218491E-02,0.000000E+00,0.000000E+00
03:20:00,7.157073E-02,1.390328E+03,2.970509E-01,3.078267E+03,3.127727E+03,1.468478E-01,5.477903E+03,7.157073E-02,0.000000E+00,0.000000E+00,5.425525E-02,1.053959E+03,2.380669E-01,2.477152E+03,2.441640E+03,2.613283E-01,7.000195E+03,5.425525E-02,0.000000E+00,0.000000E+00,3.218491E-02,6.252218E+02,1.532872E-01,1.603899E+03,1.585659E+03,1.553721E-01,4.159232E+03,3.218491E-02,0.000000E+00,0.000000E+00,5.425525E-02,1.053959E+03,2.370026E-01,2.465289E+03,2.432679E+03,2.396752E-01,6.589157E+03,5.425525E-02,0.000000E+00,0.000000E+00,3.218491E-02,6.252218E+02,1.633689E-01,1.716240E+03,1.702607E+03,1.543984E-01,4.140748E+03,3.218491E-02,0.000000E+00,0.000000E+00
03:30:00,7.157073E-02,1.396333E+03,2.960429E-01,3.061030E+03,3.109766E+03,1.468483E-01,5.477911E+03,7.157073E-02,0.000000E+00,0.000000E+00,5.425525E-02,1.058511E+03,2.365306E-01,2.455480E+03,2.419050E+03,2.613287E-01,7.000204E+03,5.425525E-02,0.000000E+00,0.000000E+00,3.218491E-02,6.279222E+02,1.522765E-01,1.589936E+03,1.571152E+03,1.553724E-01,4.159237E+03,3.218491E-02,0.000000E+00,0.000000E+00,5.425525E-02,1.058511E+03,2.355996E-01,2.445104E+03,2.411640E+03,2.396756E-01,6.589166E+03,5.425525E-02,0.000000E+00,0.000000E+00,3.218491E-02,6.279222E+02,1.621814E-01,1.700307E+03,1.686082E+03,1.543987E-01,4.140754E+03,3.218491E-02,0.000000E+00,0.000000E+00
03:40:00,7.157073E-02,1.402338E+03,2.950400E-01,3.043850E+03,3.091863E+03,1.468487E-01,5.477919E+03,7.157073E-02,0.000000E+00,0.000000E+00,5.425525E-02,1.063063E+03,2.350023E-01,2.433899E+03,2.396547E+03,2.613292E-01,7.000212E+03,5.425525E-02,0.000000E+00,0.000000E+00,3.218491E-02,6.306227E+02,1.512717E-01,1.576039E+03,1.556709E+03,1.553727E-01,4.159243E+03,3.218491E-02,0.000000E+00,0.000000E+00,5.425525E-02,1.063063E+03,2.342028E-01,2.424986E+03,2.390666E+03,2.396761E-01,6.589174E+03,5.425525E-02,0.000000E+00,0.000000E+00,3.218491E-02,6.306227E+02,1.610024E-01,1.684470E+03,1.669653E+03,1.543989E-01,4.140759E+03,3.218491E-02,0.000000E+00,0.000000E+00
03:50:00,7.157073E-02,1.408343E+03,2.940422E-01,3.026727E+03,3.074017E+03,1.468491E-01,5.477927E+03,7.157073E-02,0.000000E+00,0.000000E+00,5.425525E-02,1.067615E+03,2.334821E-01,2.412407E+03,2.374129E+03,2.613296E-01,7.000220E+03,5.425525E-02,0.000000E+00,0.000000E+00,3.218491E-02,6.333232E+02,1.502728E-01,1.562208E+03,1.542331E+03,1.553729E-01,4.159248E+03,3.218491E-02,0.000000E+00,0.000000E+00,5.425525E-02,1.067615E+03,2.328121E-01,2.404938E+03,2.369757E+03,2.396765E-01,6.589182E+03,5.425525E-02,0.000000E+00,0.000000E+00,3.218491E-02,6.333232E+02,1.598321E-01,1.668727E+03,1.653318E+03,1.543992E-01,4.140764E+03,3.218491E-02,0.000000E+00,0.000000E+00
04:00:00,7.157073E-02,1.414349E+03,2.930496E-01,3.009661E+03,3.056229E+03,1.468495E-01,5.477936E+03,7.157073E-02,0.000000E+00,0.000000E+00,5.425525E-02,1.072168E+03,2.319698E-01,2.391003E+03,2.351797E+03,2.613301E-01,7.000228E+03,5.425525E-02,0.000000E+00,0.000000E+00,3.218491E-02,6.360237E+02,1.492798E-01,1.548442E+03,1.528016E+03,1.553732E-01,4.159253E+03,3.218491E-02,0.000000E+00,0.000000E+00,5.425525E-02,1.072168E+03,2.314275E-01,2.384958E+03,2.348913E+03,2.396769E-01,6.589191E+03,5.425525E-02,0.000000E+00,0.000000E+00,3.218491E-02,6.360237E+02,1.586702E-01,1.653080E+03,1.637078E+03,1.543995E-01,4.140769E+03,3.218491E-02,0.000000E+00,0.000000E+00
04:10:00,7.157073E-02,1.418352E+03,2.920622E-01,2.994655E+03,3.040532E+03,1.468500E-01,5.477943E+03,7.157073E-02,0.000000E+00,0.000000E+00,5.425525E-02,1.075203E+03,2.304792E-01,2.371358E+03,2.331263E+03,2.613305E-01,7.000237E+03,5.425525E-02,0.000000E+00,0.000000E+00,3.218491E-02,6.378241E+02,1.483006E-01,1.535731E+03,1.514780E+03,1.553735E-01,4.159258E+03,3.218491E-02,0.000000E+00,0.000000E+00,5.425525E-02,1.075203E+03,2.300614E-01,2.366700E+03,2.329831E+03,2.396774E-01,6.589199E+03,5.425525E-02,0.000000E+00,0.000000E+00,3.218491E-02,6.378241E+02,1.575250E-01,1.638519E+03,1.621946E+03,1.543997E-01,4.140774E+03,3.218491E-02,0.000000E+00,0.000000E+00
04:20:00,7.157073E-02,1.422356E+03,2.910802E-01,2.979710E+03,3.024898E+03,1.468504E-01,5.477951E+03,7.157073E-02,0.000000E+00,0.000000E+00,5.425525E-02,1.078238E+03,2.290114E-01,2.351968E+03,2.310993E+03,2.613309E-01,7.000245E+03,5.425525E-02,0.000000E+00,0.000000E+00,3.218491E-02,6.396244E+02,1.473357E-01,1.523178E+03,1.501707E+03,1.553737E-01,4.159262E+03,3.218491E-02,0.000000E+00,0.000000E+00,5.425525E-02,1.078238E+03,2.287144E-01,2.348656E+03,2.310970E+03,2.396778E-01,6.589207E+03,5.425525E-02,0.000000E+00,0.000000E+00,3.218491E-02,6.396244E+02,1.563968E-01,1.624148E+03,1.607010E+03,1.544000E-01,4.140779E+03,3.218491E-02,0.000000E+00,0.000000E+00
04:30:00,7.157073E-02,1.426359E+03,2.901039E-01,2.964828E+03,3.009328E+03,1.468508E-01,5.477959E+03,7.157073E-02,0.000000E+00,0.000000E+00,5.425525E-02,1.081272E+03,2.275670E-01,2.332839E+03,2.290990E+03,2.613313E-01,7.000252E+03,5.425525E-02,0.000000E+00,0.000000E+00,3.218491E-02,6.414247E+02,1.463853E-01,1.510788E+03,1.488798E+03,1.553740E-01,4.159267E+03,3.218491E-02,0.000000E+00,0.000000E+00,5.425525E-02,1.081272E+03,2.273870E-01,2.330830E+03,2.292331E+03,2.396782E-01,6.589215E+03,5.425525E-02,0.000000E+00,0.000000E+00,3.218491E-02,6.414247E+02,1.552861E-01,1.609970E+03,1.592271E+03,1.544003E-01,4.140784E+03,3.218491E-02,0.000000E+00,0.000000E+00
04:40:00,7.157073E-02,1.430362E+03,2.891334E-01,2.950011E+03,2.993824E+03,1.468512E-01,5.477967E+03,7.157073E-02,0.000000E+00,0.000000E+00,5.425525E-02,1.084307E+03,2.261466E-01,2.313975E+03,2.271261E+03,2.613317E-01,7.000260E+03,5.425525E-02,0.000000E+00,0.000000E+00,3.218491E-02,6.432251E+02,1.454497E-01,1.498562E+03,1.476058E+03,1.553742E-01,4.159272E+03,3.218491E-02,0.000000E+00,0.000000E+00,5.425525E-02,1.084307E+03,2.260796E-01,2.313226E+03,2.273921E+03,2.396786E-01,6.589223E+03,5.425525E-02,0.000000E+00,0.000000E+00,3.218491E-02,6.432251E+02,1.541930E-01,1.595989E+03,1.577731E+03,1.544005E-01,4.140788E+03,3.218491E-02,0.000000E+00,0.000000E+00
04:50:00,7.157073E-02,1.434366E+03,2.881689E-01,2.935260E+03,2.978388E+03,1.468516E-01,5.477975E+03,7.157073E-02,0.000000E+00,0.000000E+00,5.425525E-02,1.087342E+03,2.247503E-01,2.295382E+03,2.251811E+03,2.613321E-01,7.000268E+03,5.425525E-02,0.000000E+00,0.000000E+00,3.218491E-02,6.450254E+02,1.445290E-01,1.486503E+03,1.463491E+03,1.553745E-01,4.159277E+03,3.218491E-02,0.000000E+00,0.000000E+00,5.425525E-02,1.087342E+03,2.247924E-01,2.295848E+03,2.255746E+03,2.396790E-01,6.589231E+03,5.425525E-02,0.000000E+00,0.000000E+00,3.218491E-02,6.450254E+02,1.531176E-01,1.582206E+03,1.563396E+03,1.544008E-01,4.140793E+03,3.218491E-02,0.000000E+00,0.000000E+00
05:00:00,7.157073E-02,1.438369E+03,2.872106E-01,2.920579E+03,2.963021E+03,1.468520E-01,5.477982E+03,7.157073E-02,0.000000E+00,0.000000E+00,5.425525E-02,1.090377E+03,2.233785E-01,2.277061E+03,2.232650E+03,2.613325E-01,7.000276E+03,5.425525E-02,0.000000E+00,0.000000E+00,3.218491E-02,6.468257E+02,1.436234E-01,1.474611E+03,1.451099E+03,1.553747E-01,4.159281E+03,3.218491E-02,0.000000E+00,0.000000E+00,5.425525E-02,1.090377E+03,2.235258E-01,2.278699E+03,2.237813E+03,2.396795E-01,6.589238E+03,5.425525E-02,0.000000E+00,0.000000E+00,3.218491E-02,6.468257E+02,1.520602E-01,1.568623E+03,1.549269E+03,1.544010E-01,4.140798E+03,3.218491E-02,0.000000E+00,0.000000E+00
05:10:00,7.157073E-02,1.434366E+03,2.862586E-01,2.913974E+03,2.955860E+03,1.468524E-01,5.477990E+03,7.157073E-02,0.000000E+00,0.000000E+00,5.425525E-02,1.087342E+03,2.220725E-01,2.265543E+03,2.220466E+03,2.613329E-01,7.000283E+03,5.425525E-02,0.000000E+00,0.000000E+00,3.218491E-02,6.450254E+02,1.427571E-01,1.466759E+03,1.442846E+03,1.553750E-01,4.159286E+03,3.218491E-02,0.000000E+00,0.000000E+00,5.425525E-02,1.087342E+03,2.223167E-01,2.268261E+03,2.226756E+03,2.396799E-01,6.589246E+03,5.425525E-02,0.000000E+00,0.000000E+00,3.218491E-02,6.450254E+02,1.510453E-01,1.559115E+03,1.539315E+03,1.544012E-01,4.140803E+03,3.218491E-02,0.000000E+00,0.000000E+00
05:20:00,7.157073E-02,1.430362E+03,2.853135E-01,2.907446E+03,2.948777E+03,1.468528E-01,5.477998E+03,7.157073E-02,0.000000E+00,0.000000E+00,5.425525E-02,1.084307E+03,2.208363E-01,2.254804E+03,2.209107E+03,2.613333E-01,7.000291E+03,5.425525E-02,0.000000E+00,0.000000E+00,3.218491E-02,6.432251E+02,1.419317E-01,1.459361E+03,1.435070E+03,1.553752E-01,4.159291E+03,3.218491E-02,0.000000E+00,0.000000E+00,5.425525E-02,1.084307E+03,2.211671E-01,2.258486E+03,2.216403E+03,2.396803E-01,6.589254E+03,5.425525E-02,0.000000E+00,0.000000E+00,3.218491E-02,6.432251E+02,1.500746E-01,1.550098E+03,1.529875E+03,1.544015E-01,4.140807E+03,3.218491E-02,0.000000E+00,0.000000E+00
05:30:00,7.157073E-02,1.426359E+03,2.843805E-01,2.901054E+03,2.941844E+03,1.468532E-01,5.478005E+03,7.157073E-02,0.000000E+00,0.000000E+00,5.425525E-02,1.081272E+03,2.198473E-01,2.246818E+03,2.200805E+03,2.613337E-01,7.000298E+03,5.425525E-02,0.000000E+00,0.000000E+00,3.218491E-02,6.414247E+02,1.415891E-01,1.457345E+03,1.433315E+03,1.553754E-01,4.159295E+03,3.218491E-02,0.000000E+00,0.000000E+00,5.425525E-02,1.081272E+03,2.204720E-01,2.253776E+03,2.211755E+03,2.396807E-01,6.589261E+03,5.425525E-02,0.000000E+00,0.000000E+00,3.218491E-02,6.414247E+02,1.492417E-01,1.542617E+03,1.522110E+03,1.544017E-01,4.140812E+03,3.218491E-02,0.000000E+00,0.000000E+00
05:40:00,7.157073E-02,1.422356E+03,2.834852E-01,2.895082E+03,2.935390E+03,1.468536E-01,5.478013E+03,7.157073E-02,0.000000E+00,0.000000E+00,5.425525E-02,1.078238E+03,2.191517E-01,2.242101E+03,2.196006E+03,2.613341E-01,7.000306E+03,5.425525E-02,0.000000E+00,0.000000E+00,3.218491E-02,6.396244E+02,1.423917E-01,1.468088E+03,1.445536E+03,1.553757E-01,4.159300E+03,3.218491E-02,0.000000E+00,0.000000E+00,5.425525E-02,1.078238E+03,2.206729E-01,2.259049E+03,2.218097E+03,2.396810E-01,6.589269E+03,5.425525E-02,0.000000E+00,0.000000E+00,3.218491E-02,6.396244E+02,1.485704E-01,1.536938E+03,1.516245E+03,1.544020E-01,4.140816E+03,3.218491E-02,0.000000E+00,0.000000E+00
05:50:00,7.157073E-02,1.418352E+03,2.826771E-01,2.890080E+03,2.930037E+03,1.468540E-01,5.478020E+03,7.157073E-02,0.000000E+00,0.000000E+00,5.425525E-02,1.075203E+03,2.187803E-01,2.240997E+03,2.195022E+03,2.613345E-01,7.000313E+03,5.425525E-02,0.000000E+00,0.000000E+00,3.218491E-02,6.378241E+02,1.448462E-01,1.497237E+03,1.477386E+03,1.553759E-01,4.159304E+03,3.218491E-02,0.000000E+00,0.000000E+00,5.425525E-02,1.075203E+03,2.218607E-01,2.275318E+03,2.236079E+03,2.396814E-01,6.589276E+03,5.425525E-02,0.000000E+00,0.000000E+00,3.218491E-02,6.378241E+02,1.480808E-01,1.533282E+03,1.512490E+03,1.544022E-01,4.140821E+03,3.218491E-02,0.000000E+00,0.000000E+00
06:00:00,7.157073E-02,1.414349E+03,2.820134E-01,2.886689E+03,2.926479E+03,1.468544E-01,5.478027E+03,7.157073E-02,0.000000E+00,0.000000E+00,5.425525E-02,1.072168E+03,2.188169E-01,2.244440E+03,2.198913E+03,2.613349E-01,7.000320E+03,5.425525E-02,0.000000E+00,0.000000E+00,3.218491E-02,6.360237E+02,1.496758E-01,1.552851E+03,1.537249E+03,1.553761E-01,4.159308E+03,3.218491E-02,0.000000E+00,0.000000E+00,5.425525E-02,1.072168E+03,2.243826E-01,2.306453E+03,2.269922E+03,2.396818E-01,6.589283E+03,5.425525E-02,0.000000E+00,0.000000E+00,3.218491E-02,6.360237E+02,1.478213E-01,1.532190E+03,1.511454E+03,1.544024E-01,4.140825E+03,3.218491E-02,0.000000E+00,0.000000E+00
06:10:00,7.157073E-02,1.400336E+03,2.815412E-01,2.895438E+03,2.935416E+03,1.468548E-01,5.478035E+03,7.157073E-02,0.000000E+00,0.000000E+00,5.425525E-02,1.061546E+03,2.192983E-01,2.260425E+03,2.215830E+03,2.613353E-01,7.000327E+03,5.425525E-02,0.000000E+00,0.000000E+00,3.218491E-02,6.297226E+02,1.566114E-01,1.636432E+03,1.625497E+03,1.553764E-01,4.159313E+03,3.218491E-02,0.000000E+00,0.000000E+00,5.425525E-02,1.061546E+03,2.279587E-01,2.356920E+03,2.323558E+03,2.396822E-01,6.589290E+03,5.425525E-02,0.000000E+00,0.000000E+00,3.218491E-02,6.297226E+02,1.478132E-01,1.538401E+03,1.517962E+03,1.544027E-01,4.140830E+03,3.218491E-02,0.000000E+00,0.000000E+00
06:20:00,7.157073E-02,1.386324E+03,2.812843E-01,2.906587E+03,2.946942E+03,1.468552E-01,5.478042E+03,7.157073E-02,0.000000E+00,0.000000E+00,5.425525E-02,1.050924E+03,2.202497E-01,2.281648E+03,2.238355E+03,2.613356E-01,7.000334E+03,5.425525E-02,0.000000E+00,0.000000E+00,3.218491E-02,6.234214E+02,1.656532E-01,1.743481E+03,1.737599E+03,1.553766E-01,4.159317E+03,3.218491E-02,0.000000E+00,0.000000E+00,5.425525E-02,1.050924E+03,2.324346E-01,2.417414E+03,2.387589E+03,2.396826E-01,6.589297E+03,5.425525E-02,0.000000E+00,0.000000E+00,3.218491E-02,6.234214E+02,1.480648E-01,1.547505E+03,1.527526E+03,1.544029E-01,4.140834E+03,3.218491E-02,0.000000E+00,0.000000E+00
06:30:00,7.157073E-02,1.372312E+03,2.812477E-01,2.920192E+03,2.961106E+03,1.468555E-01,5.478049E+03,7.157073E-02,0.000000E+00,0.000000E+00,5.425525E-02,1.040302E+03,2.215030E-01,2.306233E+03,2.264352E+03,2.613360E-01,7.000341E+03,5.425525E-02,0.000000E+00,0.000000E+00,3.218491E-02,6.171203E+02,1.763924E-01,1.869443E+03,1.868808E+03,1.553768E-01,4.159321E+03,3.218491E-02,0.000000E+00,0.000000E+00,5.425525E-02,1.040302E+03,2.372280E-01,2.481446E+03,2.455073E+03,2.396829E-01,6.589304E+03,5.425525E-02,0.000000E+00,0.000000E+00,3.218491E-02,6.171203E+02,1.484740E-01,1.558365E+03,1.538880E+03,1.544031E-01,4.140838E+03,3.218491E-02,0.000000E+00,0.000000E+00
06:40:00,7.157073E-02,1.358300E+03,2.814108E-01,2.936020E+03,2.977661E+03,1.468559E-01,5.478056E+03,7.157073E-02,0.000000E+00,0.000000E+00,5.425525E-02,1.029679E+03,2.230038E-01,2.333577E+03,2.293180E+03,2.613364E-01,7.000348E+03,5.425525E-02,0.000000E+00,0.000000E+00,3.218491E-02,6.108191E+02,1.881862E-01,2.007156E+03,2.011541E+03,1.553770E-01,4.159325E+03,3.218491E-02,0.000000E+00,0.000000E+00,5.425525E-02,1.029679E+03,2.416892E-01,2.541777E+03,2.518246E+03,2.396833E-01,6.589311E+03,5.425525E-02,0.000000E+00,0.000000E+00,3.218491E-02,6.108191E+02,1.489938E-01,1.570458E+03,1.551478E+03,1.544033E-01,4.140842E+03,3.218491E-02,0.000000E+00,0.000000E+00
06:50:00,7.157073E-02,1.344288E+03,2.817225E-01,2.953504E+03,2.995975E+03,1.468563E-01,5.478063E+03,7.157073E-02,0.000000E+00,0.000000E+00,5.425525E-02,1.019057E+03,2.248061E-01,2.364282E+03,2.325595E+03,2.613367E-01,7.000355E+03,5.425525E-02,0.000000E+00,0.000000E+00,3.218491E-02,6.045179E+02,2.006426E-01,2.152252E+03,2.161309E+03,1.553772E-01,4.159330E+03,3.218491E-02,0.000000E+00,0.000000E+00,5.425525E-02,1.019057E+03,2.456896E-01,2.596974E+03,2.575886E+03,2.396837E-01,6.589318E+03,5.425525E-02,0.000000E+00,0.000000E+00,3.218491E-02,6.045179E+02,1.496455E-01,1.584020E+03,1.565650E+03,1.544036E-01,4.140846E+03,3.218491E-02,0.000000E+00,0.000000E+00
07:00:00,7.157073E-02,1.330276E+03,2.821172E-01,2.971914E+03,3.015228E+03,1.468566E-01,5.478070E+03,7.157073E-02,0.000000E+00,0.000000E+00,5.425525E-02,1.008435E+03,2.267985E-01,2.397103E+03,2.360165E+03,2.613371E-01,7.000361E+03,5.425525E-02,0.000000E+00,0.000000E+00,3.218491E-02,5.982168E+02,2.128237E-01,2.294283E+03,2.306841E+03,1.553775E-01,4.159334E+03,3.218491E-02,0.000000E+00,0.000000E+00,5.425525E-02,1.008435E+03,2.485384E-01,2.639340E+03,2.619435E+03,2.396840E-01,6.589325E+03,5.425525E-02,0.000000E+00,0.000000E+00,3.218491E-02,5.982168E+02,1.503466E-01,1.598133E+03,1.580364E+03,1.544038E-01,4.140851E+03,3.218491E-02,0.000000E+00,0.000000E+00
07:10:00,7.157073E-02,1.296246E+03,2.825294E-01,3.010536E+03,3.054935E+03,1.468570E-01,5.478077E+03,7.157073E-02,0.000000E+00,0.000000E+00,5.425525E-02,9.826388E+02,2.293210E-01,2.451007E+03,2.416645E+03,2.590239E-01,6.956453E+03,5.425525E-02,0.000000E+00,0.000000E+00,3.218491E-02,5.829140E+02,2.251454E-01,2.446884E+03,2.462822E+03,1.539035E-01,4.131355E+03,3.218491E-02,0.000000E+00,0.000000E+00,5.425525E-02,9.826388E+02,2.506397E-01,2.688551E+03,2.669684E+03,2.374732E-01,6.547357E+03,5.425525E-02,0.000000E+00,0.000000E+00,3.218491E-02,5.829140E+02,1.513134E-01,1.624208E+03,1.607496E+03,1.529298E-01,4.112872E+03,3.218491E-02,0.000000E+00,0.000000E+00
07:20:00,7.157073E-02,1.262217E+03,2.829079E-01,3.048782E+03,3.094139E+03,1.468574E-01,5.478084E+03,7.157073E-02,0.000000E+00,0.000000E+00,5.425525E-02,9.568423E+02,2.319569E-01,2.506174E+03,2.482693E+03,2.567102E-01,6.912530E+03,5.425525E-02,0.000000E+00,0.000000E+00,3.218491E-02,5.676111E+02,2.372201E-01,2.596735E+03,2.624381E+03,1.524292E-01,4.103367E+03,3.218491E-02,0.000000E+00,0.000000E+00,5.425525E-02,9.568423E+02,2.516744E-01,2.725879E+03,2.716103E+03,2.352617E-01,6.505376E+03,5.425525E-02,0.000000E+00,0.000000E+00,3.218491E-02,5.676111E+02,1.522828E-01,1.650313E+03,1.640477E+03,1.514555E-01,4.084884E+03,3.218491E-02,0.000000E+00,0.000000E+00
07:30:00,7.157073E-02,1.228188E+03,2.832098E-01,3.086176E+03,3.132336E+03,1.468577E-01,5.478091E+03,7.157073E-02,0.000000E+00,0.000000E+00,5.425525E-02,9.310458E+02,2.347037E-01,2.562576E+03,2.553483E+03,2.543955E-01,6.868587E+03,5.425525E-02,0.000000E+00,0.000000E+00,3.218491E-02,5.523083E+02,2.488855E-01,2.742024E+03,2.784147E+03,1.509542E-01,4.075366E+03,3.218491E-02,0.000000E+00,0.000000E+00,5.425525E-02,9.310458E+02,2.518102E-01,2.753189E+03,2.755443E+03,2.330493E-01,6.463377E+03,5.425525E-02,0.000000E+00,0.000000E+00,3.218491E-02,5.523083E+02,1.532654E-01,1.676563E+03,1.675856E+03,1.499806E-01,4.056883E+03,3.218491E-02,0.000000E+00,0.000000E+00
07:40:00,7.157073E-02,1.194158E+03,2.833956E-01,3.122274E+03,3.169061E+03,1.468581E-01,5.478097E+03,7.157073E-02,0.000000E+00,0.000000E+00,5.425525E-02,9.052492E+02,2.375749E-01,2.620362E+03,2.624661E+03,2.520796E-01,6.824617E+03,5.425525E-02,0.000000E+00,0.000000E+00,3.218491E-02,5.370055E+02,2.599947E-01,2.881113E+03,2.935178E+03,1.494786E-01,4.047349E+03,3.218491E-02,0.000000E+00,0.000000E+00,5.425525E-02,9.052492E+02,2.512924E-01,2.773215E+03,2.785823E+03,2.308358E-01,6.421353E+03,5.425525E-02,0.000000E+00,0.000000E+00,3.218491E-02,5.370055E+02,1.542894E-01,1.703274E+03,1.710773E+03,1.485049E-01,4.028866E+03,3.218491E-02,0.000000E+00,0.000000E+00
07:50:00,7.157073E-02,1.160129E+03,2.834345E-01,3.156737E+03,3.203963E+03,1.468584E-01,5.478104E+03,7.157073E-02,0.000000E+00,0.000000E+00,5.425525E-02,8.794527E+02,2.404876E-01,2.678610E+03,2.693563E+03,2.497627E-01,6.780626E+03,5.425525E-02,0.000000E+00,0.000000E+00,3.218491E-02,5.217027E+02,2.703040E-01,3.011288E+03,3.073198E+03,1.480023E-01,4.019319E+03,3.218491E-02,0.000000E+00,0.000000E+00,5.425525E-02,8.794527E+02,2.504636E-01,2.789774E+03,2.809829E+03,2.286215E-01,6.379310E+03,5.425525E-02,0.000000E+00,0.000000E+00,3.218491E-02,5.217027E+02,1.553204E-01,1.730063E+03,1.743752E+03,1.470286E-01,4.000836E+03,3.218491E-02,0.000000E+00,0.000000E+00
08:00:00,7.157073E-02,1.126099E+03,2.833114E-01,3.189395E+03,3.236883E+03,1.468587E-01,5.478109E+03,7.157073E-02,0.000000E+00,0.000000E+00,5.425525E-02,8.536562E+02,2.434672E-01,2.737602E+03,2.760736E+03,2.474452E-01,6.736621E+03,5.425525E-02,0.000000E+00,0.000000E+00,3.218491E-02,5.063999E+02,2.798393E-01,3.132837E+03,3.199570E+03,1.465256E-01,3.991279E+03,3.218491E-02,0.000000E+00,0.000000E+00,5.425525E-02,8.536562E+02,2.498414E-01,2.808633E+03,2.833958E+03,2.264065E-01,6.337252E+03,5.425525E-02,0.000000E+00,0.000000E+00,3.218491E-02,5.063999E+02,1.564017E-01,1.757410E+03,1.775588E+03,1.455520E-01,3.972797E+03,3.218491E-02,0.000000E+00,0.000000E+00
08:10:00,7.157073E-02,1.088066E+03,2.830417E-01,3.224423E+03,3.272107E+03,1.468590E-01,5.478114E+03,7.157073E-02,0.000000E+00,0.000000E+00,5.425525E-02,8.248248E+02,2.460961E-01,2.795720E+03,2.824644E+03,2.474406E-01,6.736518E+03,5.425525E-02,0.000000E+00,0.000000E+00,3.218491E-02,4.892967E+02,2.881491E-01,3.242530E+03,3.312158E+03,1.465227E-01,3.991214E+03,3.218491E-02,0.000000E+00,0.000000E+00,5.425525E-02,8.248248E+02,2.493164E-01,2.831610E+03,2.860320E+03,2.264021E-01,6.337157E+03,5.425525E-02,0.000000E+00,0.000000E+00,3.218491E-02,4.892967E+02,1.572833E-01,1.784332E+03,1.805497E+03,1.455491E-01,3.972732E+03,3.218491E-02,0.000000E+00,0.000000E+00
08:20:00,7.157073E-02,1.050034E+03,2.826740E-01,3.258360E+03,3.306195E+03,1.468592E-01,5.478118E+03,7.157073E-02,0.000000E+00,0.000000E+00,5.425525E-02,7.959935E+02,2.487547E-01,2.854168E+03,2.887709E+03,2.474362E-01,6.736418E+03,5.425525E-02,0.000000E+00,0.000000E+00,3.218491E-02,4.721936E+02,2.954865E-01,3.341387E+03,3.413304E+03,1.465199E-01,3.991152E+03,3.218491E-02,0.000000E+00,0.000000E+00,5.425525E-02,7.959935E+02,2.493912E-01,2.861269E+03,2.892773E+03,2.263980E-01,6.337066E+03,5.425525E-02,0.000000E+00,0.000000E+00,3.218491E-02,4.721936E+02,1.582287E-01,1.811965E+03,1.835433E+03,1.455463E-01,3.972670E+03,3.218491E-02,0.000000E+00,0.000000E+00
08:30:00,7.157073E-02,1.012001E+03,2.822708E-01,3.291900E+03,3.339910E+03,1.468593E-01,5.478121E+03,7.157073E-02,0.000000E+00,0.000000E+00,5.425525E-02,7.671621E+02,2.514298E-01,2.912801E+03,2.950167E+03,2.474323E-01,6.736332E+03,5.425525E-02,0.000000E+00,0.000000E+00,3.218491E-02,4.550904E+02,3.018935E-01,3.429879E+03,3.503899E+03,1.465175E-01,3.991098E+03,3.218491E-02,0.000000E+00,0.000000E+00,5.425525E-02,7.671621E+02,2.501107E-01,2.898111E+03,2.932317E+03,2.263943E-01,6.336985E+03,5.425525E-02,0.000000E+00,0.000000E+00,3.218491E-02,4.550904E+02,1.592448E-01,1.840386E+03,1.865744E+03,1.455439E-01,3.972616E+03,3.218491E-02,0.000000E+00,0.000000E+00
08:40:00,7.157073E-02,9.739678E+02,2.818938E-01,3.325733E+03,3.373989E+03,1.468594E-01,5.478123E+03,7.157073E-02,0.000000E+00,0.000000E+00,5.425525E-02,7.383307E+02,2.541096E-01,2.971488E+03,3.012109E+03,2.474294E-01,6.736266E+03,5.425525E-02,0.000000E+00,0.000000E+00,3.218491E-02,4.379873E+02,3.073968E-01,3.508303E+03,3.584213E+03,1.465156E-01,3.991055E+03,3.218491E-02,0.000000E+00,0.000000E+00,5.425525E-02,7.383307E+02,2.514477E-01,2.941836E+03,2.978905E+03,2.263915E-01,6.336922E+03,5.425525E-02,0.000000E+00,0.000000E+00,3.218491E-02,4.379873E+02,1.603322E-01,1.869603E+03,1.896579E+03,1.455420E-01,3.972574E+03,3.218491E-02,0.000000E+00,0.000000E+00
08:50:00,7.157073E-02,9.359349E+02,2.815978E-01,3.360468E+03,3.409089E+03,1.468595E-01,5.478125E+03,7.157073E-02,0.000000E+00,0.000000E+00,5.425525E-02,7.094993E+02,2.567756E-01,3.030022E+03,3.073453E+03,2.474271E-01,6.736214E+03,5.425525E-02,0.000000E+00,0.000000E+00,3.218491E-02,4.208841E+02,3.120189E-01,3.576911E+03,3.654388E+03,1.465141E-01,3.991022E+03,3.218491E-02,0.000000E+00,0.000000E+00,5.425525E-02,7.094993E+02,2.531055E-01,2.989135E+03,3.028945E+03,2.263892E-01,6.336872E+03,5.425525E-02,0.000000E+00,0.000000E+00,3.218491E-02,4.208841E+02,1.614893E-01,1.899597E+03,1.928007E+03,1.455405E-01,3.972541E+03,3.218491E-02,0.000000E+00,0.000000E+00
09:00:00,7.157073E-02,8.979021E+02,2.814250E-01,3.396576E+03,3.445721E+03,1.468596E-01,5.478126E+03,7.157073E-02,0.000000E+00,0.000000E+00,5.425525E-02,6.806679E+02,2.594158E-01,3.088270E+03,3.134173E+03,2.474252E-01,6.736174E+03,5.425525E-02,0.000000E+00,0.000000E+00,3.218491E-02,4.037810E+02,3.158247E-01,3.636423E+03,3.715136E+03,1.465129E-01,3.990996E+03,3.218491E-02,0.000000E+00,0.000000E+00,5.425525E-02,6.806679E+02,2.549163E-01,3.038139E+03,3.080440E+03,2.263874E-01,6.336833E+03,5.425525E-02,0.000000E+00,0.000000E+00,3.218491E-02,4.037810E+02,1.627126E-01,1.930330E+03,1.960045E+03,1.455393E-01,3.972514E+03,3.218491E-02,0.000000E+00,0.000000E+00
09:10:00,7.157073E-02,8.638726E+02,2.813948E-01,3.430268E+03,3.480053E+03,1.468597E-01,5.478127E+03,7.157073E-02,0.000000E+00,0.000000E+00,5.425525E-02,6.548714E+02,2.621284E-01,3.144292E+03,3.192541E+03,2.474237E-01,6.736143E+03,5.425525E-02,0.000000E+00,0.000000E+00,3.218491E-02,3.884781E+02,3.188048E-01,3.684935E+03,3.764533E+03,1.465119E-01,3.990975E+03,3.218491E-02,0.000000E+00,0.000000E+00,5.425525E-02,6.548714E+02,2.569147E-01,3.086202E+03,3.130873E+03,2.263859E-01,6.336801E+03,5.425525E-02,0.000000E+00,0.000000E+00,3.218491E-02,3.884781E+02,1.640512E-01,1.960547E+03,1.991537E+03,1.455383E-01,3.972493E+03,3.218491E-02,0.000000E+00,0.000000E+00
09:20:00,7.157073E-02,8.298432E+02,2.815003E-01,3.465472E+03,3.516050E+03,1.468597E-01,5.478129E+03,7.157073E-02,0.000000E+00,0.000000E+00,5.425525E-02,6.290749E+02,2.648604E-01,3.200528E+03,3.250892E+03,2.474225E-01,6.736117E+03,5.425525E-02,0.000000E+00,0.000000E+00,3.218491E-02,3.731753E+02,3.210766E-01,3.725555E+03,3.806028E+03,1.465111E-01,3.990958E+03,3.218491E-02,0.000000E+00,0.000000E+00,5.425525E-02,6.290749E+02,2.589920E-01,3.135142E+03,3.181911E+03,2.263846E-01,6.336775E+03,5.425525E-02,0.000000E+00,0.000000E+00,3.218491E-02,3.731753E+02,1.654457E-01,1.991387E+03,2.023521E+03,1.455375E-01,3.972476E+03,3.218491E-02,0.000000E+00,0.000000E+00
09:30:00,7.157073E-02,7.958138E+02,2.817239E-01,3.501994E+03,3.553479E+03,1.468598E-01,5.478130E+03,7.157073E-02,0.000000E+00,0.000000E+00,5.425525E-02,6.032784E+02,2.676738E-01,3.257673E+03,3.310071E+03,2.474216E-01,6.736097E+03,5.425525E-02,0.000000E+00,0.000000E+00,3.218491E-02,3.578725E+02,3.226309E-01,3.758180E+03,3.839446E+03,1.465104E-01,3.990944E+03,3.218491E-02,0.000000E+00,0.000000E+00,5.425525E-02,6.032784E+02,2.611038E-01,3.184469E+03,3.233108E+03,2.263837E-01,6.336755E+03,5.425525E-02,0.000000E+00,0.000000E+00,3.218491E-02,3.578725E+02,1.668763E-01,2.022630E+03,2.055806E+03,1.455368E-01,3.972463E+03,3.218491E-02,0.000000E+00,0.000000E+00
09:40:00,7.157073E-02,7.617844E+02,2.820492E-01,3.539647E+03,3.592120E+03,1.468599E-01,5.478132E+03,7.157073E-02,0.000000E+00,0.000000E+00,5.425525E-02,5.774819E+02,2.706098E-01,3.316184E+03,3.370602E+03,2.474208E-01,6.736081E+03,5.425525E-02,0.000000E+00,0.000000E+00,3.218491E-02,3.425697E+02,3.234539E-01,3.782656E+03,3.864511E+03,1.465099E-01,3.990933E+03,3.218491E-02,0.000000E+00,0.000000E+00,5.425525E-02,5.774819E+02,2.632395E-01,3.234062E+03,3.284453E+03,2.263829E-01,6.336739E+03,5.425525E-02,0.000000E+00,0.000000E+00,3.218491E-02,3.425697E+02,1.683383E-01,2.054223E+03,2.088403E+03,1.455363E-01,3.972452E+03,3.218491E-02,0.000000E+00,0.000000E+00
09:50:00,7.157073E-02,7.277550E+02,2.824625E-01,3.578281E+03,3.631802E+03,1.468600E-01,5.478134E+03,7.157073E-02,0.000000E+00,0.000000E+00,5.425525E-02,5.516854E+02,2.736979E-01,3.376389E+03,3.432843E+03,2.474202E-01,6.736068E+03,5.425525E-02,0.000000E+00,0.000000E+00,3.218491E-02,3.272669E+02,3.233282E-01,3.796560E+03,3.878565E+03,1.465095E-01,3.990924E+03,3.218491E-02,0.000000E+00,0.000000E+00,5.425525E-02,5.516854E+02,2.653901E-01,3.283821E+03,3.335907E+03,2.263822E-01,6.336725E+03,5.425525E-02,0.000000E+00,0.000000E+00,3.218491E-02,3.272669E+02,1.698278E-01,2.086123E+03,2.121307E+03,1.455358E-01,3.972443E+03,3.218491E-02,0.000000E+00,0.000000E+00
10:00:00,7.157073E-02,6.937255E+02,2.829528E-01,3.617774E+03,3.672386E+03,1.468601E-01,5.478137E+03,7.157073E-02,0.000000E+00,0.000000E+00,5.425525E-02,5.258889E+02,2.773064E-01,3.442394E+03,3.501481E+03,2.474197E-01,6.736058E+03,5.425525E-02,0.000000E+00,0.000000E+00,3.218491E-02,3.119641E+02,3.220038E-01,3.797108E+03,3.878831E+03,1.465091E-01,3.990917E+03,3.218491E-02,0.000000E+00,0.000000E+00,5.425525E-02,5.258889E+02,2.675480E-01,3.333662E+03,3.387401E+03,2.263817E-01,6.336715E+03,5.425525E-02,0.000000E+00,0.000000E+00,3.218491E-02,3.119641E+02,1.713413E-01,2.118290E+03,2.154481E+03,1.455354E-01,3.972435E+03,3.218491E-02,0.000000E+00,0.000000E+00
10:10:00,7.157073E-02,6.636996E+02,2.835121E-01,3.654032E+03,3.709707E+03,1.468603E-01,5.478139E+03,7.157073E-02,0.000000E+00,0.000000E+00,5.425525E-02,5.031273E+02,2.814645E-01,3.511487E+03,3.573416E+03,2.474193E-01,6.736050E+03,5.425525E-02,0.000000E+00,0.000000E+00,3.218491E-02,2.984616E+02,3.195780E-01,3.783582E+03,3.864979E+03,1.465088E-01,3.990911E+03,3.218491E-02,0.000000E+00,0.000000E+00,5.425525E-02,5.031273E+02,2.695934E-01,3.379214E+03,3.434336E+03,2.263813E-01,6.336706E+03,5.425525E-02,0.000000E+00,0.000000E+00,3.218491E-02,2.984616E+02,1.727992E-01,2.148038E+03,2.185095E+03,1.455352E-01,3.972429E+03,3.218491E-02,0.000000E+00,0.000000E+00
10:20:00,7.157073E-02,6.336736E+02,2.841334E-01,3.690980E+03,3.747745E+03,1.468604E-01,5.478142E+03,7.157073E-02,0.000000E+00,0.000000E+00,5.425525E-02,4.803656E+02,2.862622E-01,3.587707E+03,3.652574E+03,2.474189E-01,6.736043E+03,5.425525E-02,0.000000E+00,0.000000E+00,3.218491E-02,2.849591E+02,3.159486E-01,3.756645E+03,3.837638E+03,1.465086E-01,3.990906E+03,3.218491E-02,0.000000E+00,0.000000E+00,5.425525E-02,4.803656E+02,2.715997E-01,3.424331E+03,3.480763E+03,2.263809E-01,6.336699E+03,5.425525E-02,0.000000E+00,0.000000E+00,3.218491E-02,2.849591E+02,1.742520E-01,2.177728E+03,2.215624E+03,1.455349E-01,3.972425E+03,3.218491E-02,0.000000E+00,0.000000E+00
10:30:00,7.157073E-02,6.036477E+02,2.848121E-01,3.728567E+03,3.786445E+03,1.468606E-01,5.478145E+03,7.157073E-02,0.000000E+00,0.000000E+00,5.425525E-02,4.576040E+02,2.916842E-01,3.670883E+03,3.738742E+03,2.474186E-01,6.736038E+03,5.425525E-02,0.000000E+00,0.000000E+00,3.218491E-02,2.714566E+02,3.111091E-01,3.716224E+03,3.796531E+03,1.465083E-01,3.990902E+03,3.218491E-02,0.000000E+00,0.000000E+00,5.425525E-02,4.576040E+02,2.735849E-01,3.469214E+03,3.526929E+03,2.263807E-01,6.336694E+03,5.425525E-02,0.000000E+00,0.000000E+00,3.218491E-02,2.714566E+02,1.757125E-01,2.207505E+03,2.246238E+03,1.455347E-01,3.972420E+03,3.218491E-02,0.000000E+00,0.000000E+00
10:40:00,7.157073E-02,5.736217E+02,2.855448E-01,3.766758E+03,3.825767E+03,1.468608E-01,5.478148E+03,7.157073E-02,0.000000E+00,0.000000E+00,5.425525E-02,4.348424E+02,2.977198E-01,3.760895E+03,3.831896E+03,2.474184E-01,6.736033E+03,5.425525E-02,0.000000E+00,0.000000E+00,3.218491E-02,2.579541E+02,3.050871E-01,3.662627E+03,3.741751E+03,1.465082E-01,3.990899E+03,3.218491E-02,0.000000E+00,0.000000E+00,5.425525E-02,4.348424E+02,2.755510E-01,3.513882E+03,3.572861E+03,2.263804E-01,6.336689E+03,5.425525E-02,0.000000E+00,0.000000E+00,3.218491E-02,2.579541E+02,1.771813E-01,2.237373E+03,2.276941E+03,1.455345E-01,3.972417E+03,3.218491E-02,0.000000E+00,0.000000E+00
10:50:00,7.157073E-02,5.435957E+02,2.863292E-01,3.805524E+03,3.865685E+03,1.468610E-01,5.478152E+03,7.157073E-02,0.000000E+00,0.000000E+00,5.425525E-02,4.120808E+02,3.043664E-01,3.857716E+03,3.932139E+03,2.474182E-01,6.736029E+03,5.425525E-02,0.000000E+00,0.000000E+00,3.218491E-02,2.444516E+02,2.981372E-01,3.598690E+03,3.676191E+03,1.465080E-01,3.990896E+03,3.218491E-02,0.000000E+00,0.000000E+00,5.425525E-02,4.120808E+02,2.775008E-01,3.558370E+03,3.618590E+03,2.263802E-01,6.336685E+03,5.425525E-02,0.000000E+00,0.000000E+00,3.218491E-02,2.444516E+02,1.786584E-01,2.267335E+03,2.307731E+03,1.455344E-01,3.972414E+03,3.218491E-02,0.000000E+00,0.000000E+00
11:00:00,7.157073E-02,5.135698E+02,2.871636E-01,3.844847E+03,3.906175E+03,1.468611E-01,5.478156E+03,7.157073E-02,0.000000E+00,0.000000E+00,5.425525E-02,3.893191E+02,3.112691E-01,3.957390E+03,4.035117E+03,2.474181E-01,6.736026E+03,5.425525E-02,0.000000E+00,0.000000E+00,3.218491E-02,2.309491E+02,2.905858E-01,3.528050E+03,3.603674E+03,1.465079E-01,3.990894E+03,3.218491E-02,0.000000E+00,0.000000E+00,5.425525E-02,3.893191E+02,2.794402E-01,3.602743E+03,3.664179E+03,2.263801E-01,6.336682E+03,5.425525E-02,0.000000E+00,0.000000E+00,3.218491E-02,2.309491E+02,1.801435E-01,2.297385E+03,2.338598E+03,1.455343E-01,3.972412E+03,3.218491E-02,0.000000E+00,0.000000E+00
11:10:00,7.157073E-02,4.935525E+02,2.880455E-01,3.874690E+03,3.937048E+03,1.468613E-01,5.478159E+03,7.157073E-02,0.000000E+00,0.000000E+00,5.425525E-02,3.741447E+02,3.182115E-01,4.049921E+03,4.130533E+03,2.474179E-01,6.736023E+03,5.425525E-02,0.000000E+00,0.000000E+00,3.218491E-02,2.219475E+02,2.825592E-01,3.447615E+03,3.521060E+03,1.465078E-01,3.990892E+03,3.218491E-02,0.000000E+00,0.000000E+00,5.425525E-02,3.741447E+02,2.813475E-01,3.639169E+03,3.701637E+03,2.263800E-01,6.336680E+03,5.425525E-02,0.000000E+00,0.000000E+00,3.218491E-02,2.219475E+02,1.816151E-01,2.322785E+03,2.364703E+03,1.455342E-01,3.972410E+03,3.218491E-02,0.000000E+00,0.000000E+00
11:20:00,7.157073E-02,4.735352E+02,2.889711E-01,3.905021E+03,3.968421E+03,1.468615E-01,5.478163E+03,7.157073E-02,0.000000E+00,0.000000E+00,5.425525E-02,3.589703E+02,3.251340E-01,4.142230E+03,4.225529E+03,2.474178E-01,6.736021E+03,5.425525E-02,0.000000E+00,0.000000E+00,3.218491E-02,2.129458E+02,2.741812E-01,3.363262E+03,3.434360E+03,1.465077E-01,3.990890E+03,3.218491E-02,0.000000E+00,0.000000E+00,5.425525E-02,3.589703E+02,2.832279E-01,3.675297E+03,3.738782E+03,2.263799E-01,6.336678E+03,5.425525E-02,0.000000E+00,0.000000E+00,3.218491E-02,2.129458E+02,1.830699E-01,2.347997E+03,2.390608E+03,1.455341E-01,3.972408E+03,3.218491E-02,0.000000E+00,0.000000E+00
11:30:00,7.157073E-02,4.535179E+02,2.899372E-01,3.935802E+03,4.000255E+03,1.468617E-01,5.478167E+03,7.157073E-02,0.000000E+00,0.000000E+00,5.425525E-02,3.437959E+02,3.319625E-01,4.233492E+03,4.319322E+03,2.474177E-01,6.736019E+03,5.425525E-02,0.000000E+00,0.000000E+00,3.218491E-02,2.039442E+02,2.655963E-01,3.276605E+03,3.345230E+03,1.465076E-01,3.990888E+03,3.218491E-02,0.000000E+00,0.000000E+00,5.425525E-02,3.437959E+02,2.850864E-01,3.711181E+03,3.775692E+03,2.263798E-01,6.336676E+03,5.425525E-02,0.000000E+00,0.000000E+00,3.218491E-02,2.039442E+02,1.845048E-01,2.372988E+03,2.416293E+03,1.455340E-01,3.972407E+03,3.218491E-02,0.000000E+00,0.000000E+00
11:40:00,7.157073E-02,4.335005E+02,2.909404E-01,3.966998E+03,4.032515E+03,1.468619E-01,5.478171E+03,7.157073E-02,0.000000E+00,0.000000E+00,5.425525E-02,3.286215E+02,3.386348E-01,4.323014E+03,4.411224E+03,2.474176E-01,6.736018E+03,5.425525E-02,0.000000E+00,0.000000E+00,3.218491E-02,1.949425E+02,2.569671E-01,3.189453E+03,3.255508E+03,1.465076E-01,3.990887E+03,3.218491E-02,0.000000E+00,0.000000E+00,5.425525E-02,3.286215E+02,2.869258E-01,3.746850E+03,3.812393E+03,2.263797E-01,6.336675E+03,5.425525E-02,0.000000E+00,0.000000E+00,3.218491E-02,1.949425E+02,1.859172E-01,2.397727E+03,2.441722E+03,1.455339E-01,3.972405E+03,3.218491E-02,0.000000E+00,0.000000E+00
11:50:00,7.157073E-02,4.134832E+02,2.919781E-01,3.998578E+03,4.065166E+03,1.468621E-01,5.478175E+03,7.157073E-02,0.000000E+00,0.000000E+00,5.425525E-02,3.134471E+02,3.449131E-01,4.408147E+03,4.498327E+03,2.474176E-01,6.736017E+03,5.425525E-02,0.000000E+00,0.000000E+00,3.218491E-02,1.859408E+02,2.485469E-01,3.104629E+03,3.168138E+03,1.465075E-01,3.990886E+03,3.218491E-02,0.000000E+00,0.000000E+00,5.425525E-02,3.134471E+02,2.887548E-01,3.782405E+03,3.848971E+03,2.263797E-01,6.336674E+03,5.425525E-02,0.000000E+00,0.000000E+00,3.218491E-02,1.859408E+02,1.873097E-01,2.422245E+03,2.466917E+03,1.455339E-01,3.972404E+03,3.218491E-02,0.000000E+00,0.000000E+00
12:00:00,7.157073E-02,3.934659E+02,2.930486E-01,4.030523E+03,4.098191E+03,1.468624E-01,5.478179E+03,7.157073E-02,0.000000E+00,0.000000E+00,5.425525E-02,2.982727E+02,3.508639E-01,4.489631E+03,4.581730E+03,2.474175E-01,6.736015E+03,5.425525E-02,0.000000E+00,0.000000E+00,3.218491E-02,1.769392E+02,2.413158E-01,3.033057E+03,3.094913E+03,1.465075E-01,3.990885E+03,3.218491E-02,0.000000E+00,0.000000E+00,5.425525E-02,2.982727E+02,2.905658E-01,3.817759E+03,3.885308E+03,2.263796E-01,6.336673E+03,5.425525E-02,0.000000E+00,0.000000E+00,3.218491E-02,1.769392E+02,1.886739E-01,2.446448E+03,2.491759E+03,1.455338E-01,3.972403E+03,3.218491E-02,0.000000E+00,0.000000E+00
12:10:00,7.157073E-02,3.774521E+02,2.941539E-01,4.058853E+03,4.127552E+03,1.468626E-01,5.478183E+03,7.157073E-02,0.000000E+00,0.000000E+00,5.425525E-02,2.861331E+02,3.565151E-01,4.564741E+03,4.658675E+03,2.474175E-01,6.736014E+03,5.425525E-02,0.000000E+00,0.000000E+00,3.218491E-02,1.697379E+02,2.355115E-01,2.975580E+03,3.035934E+03,1.465074E-01,3.990884E+03,3.218491E-02,0.000000E+00,0.000000E+00,5.425525E-02,2.861331E+02,2.923877E-01,3.850200E+03,3.918677E+03,2.263796E-01,6.336672E+03,5.425525E-02,0.000000E+00,0.000000E+00,3.218491E-02,1.697379E+02,1.900255E-01,2.468710E+03,2.514614E+03,1.455338E-01,3.972403E+03,3.218491E-02,0.000000E+00,0.000000E+00
12:20:00,7.157073E-02,3.614382E+02,2.952981E-01,4.087616E+03,4.157365E+03,1.468628E-01,5.478187E+03,7.157073E-02,0.000000E+00,0.000000E+00,5.425525E-02,2.739936E+02,3.618412E-01,4.636230E+03,4.731867E+03,2.474174E-01,6.736014E+03,5.425525E-02,0.000000E+00,0.000000E+00,3.218491E-02,1.625365E+02,2.311869E-01,2.934591E+03,2.993410E+03,1.465074E-01,3.990883E+03,3.218491E-02,0.000000E+00,0.000000E+00,5.425525E-02,2.739936E+02,2.942251E-01,3.882814E+03,3.952237E+03,2.263795E-01,6.336672E+03,5.425525E-02,0.000000E+00,0.000000E+00,3.218491E-02,1.625365E+02,1.913647E-01,2.490834E+03,2.537330E+03,1.455337E-01,3.972402E+03,3.218491E-02,0.000000E+00,0.000000E+00
12:30:00,7.157073E-02,3.454244E+02,2.964841E-01,4.116845E+03,4.187665E+03,1.468630E-01,5.478191E+03,7.157073E-02,0.000000E+00,0.000000E+00,5.425525E-02,2.618541E+02,3.668180E-01,4.703827E+03,4.800987E+03,2.474174E-01,6.736013E+03,5.425525E-02,0.000000E+00,0.000000E+00,3.218491E-02,1.553352E+02,2.283456E-01,2.910129E+03,2.967729E+03,1.465073E-01,3.990883E+03,3.218491E-02,0.000000E+00,0.000000E+00,5.425525E-02,2.618541E+02,2.960806E-01,3.915629E+03,3.986025E+03,2.263795E-01,6.336671E+03,5.425525E-02,0.000000E+00,0.000000E+00,3.218491E-02,1.553352E+02,1.926915E-01,2.512820E+03,2.559914E+03,1.455337E-01,3.972401E+03,3.218491E-02,0.000000E+00,0.000000E+00
12:40:00,7.157073E-02,3.294106E+02,2.977136E-01,4.146558E+03,4.218467E+03,1.468632E-01,5.478194E+03,7.157073E-02,0.000000E+00,0.000000E+00,5.425525E-02,2.497145E+02,3.714214E-01,4.767263E+03,4.865747E+03,2.474174E-01,6.736012E+03,5.425525E-02,0.000000E+00,0.000000E+00,3.218491E-02,1.481339E+02,2.269452E-01,2.901723E+03,2.958849E+03,1.465073E-01,3.990882E+03,3.218491E-02,0.000000E+00,0.000000E+00,5.425525E-02,2.497145E+02,2.979559E-01,3.948664E+03,4.020046E+03,2.263795E-01,6.336671E+03,5.425525E-02,0.000000E+00,0.000000E+00,3.218491E-02,1.481339E+02,1.940058E-01,2.534666E+03,2.582359E+03,1.455337E-01,3.972401E+03,3.218491E-02,0.000000E+00,0.000000E+00
12:50:00,7.157073E-02,3.133967E+02,2.989872E-01,4.176763E+03,4.249779E+03,1.468634E-01,5.478198E+03,7.157073E-02,0.000000E+00,0.000000E+00,5.425525E-02,2.375750E+02,3.758130E-01,4.828338E+03,4.928178E+03,2.474173E-01,6.736012E+03,5.425525E-02,0.000000E+00,0.000000E+00,3.218491E-02,1.409325E+02,2.268258E-01,2.907591E+03,2.965165E+03,1.465073E-01,3.990881E+03,3.218491E-02,0.000000E+00,0.000000E+00,5.425525E-02,2.375750E+02,2.998444E-01,3.981846E+03,4.054207E+03,2.263795E-01,6.336671E+03,5.425525E-02,0.000000E+00,0.000000E+00,3.218491E-02,1.409325E+02,1.953026E-01,2.556318E+03,2.604594E+03,1.455336E-01,3.972400E+03,3.218491E-02,0.000000E+00,0.000000E+00
13:00:00,7.157073E-02,2.973829E+02,3.003034E-01,4.207443E+03,4.281585E+03,1.468636E-01,5.478202E+03,7.157073E-02,0.000000E+00,0.000000E+00,5.425525E-02,2.254355E+02,3.798580E-01,4.885552E+03,4.986644E+03,2.474173E-01,6.736011E+03,5.425525E-02,0.000000E+00,0.000000E+00,3.218491E-02,1.337312E+02,2.270728E-01,2.917542E+03,2.975625E+03,1.465072E-01,3.990881E+03,3.218491E-02,0.000000E+00,0.000000E+00,5.425525E-02,2.254355E+02,3.017533E-01,4.015256E+03,4.088593E+03,2.263795E-01,6.336671E+03,5.425525E-02,0.000000E+00,0.000000E+00,3.218491E-02,1.337312E+02,1.965880E-01,2.577842E+03,2.626690E+03,1.455336E-01,3.972400E+03,3.218491E-02,0.000000E+00,0.000000E+00
13:10:00,7.157073E-02,2.873742E+02,3.016565E-01,4.232529E+03,4.307712E+03,1.468638E-01,5.478206E+03,7.157073E-02,0.000000E+00,0.000000E+00,5.425525E-02,2.178483E+02,3.834925E-01,4.933640E+03,5.035752E+03,2.474173E-01,6.736011E+03,5.425525E-02,0.000000E+00,0.000000E+00,3.218491E-02,1.292304E+02,2.275001E-01,2.926800E+03,2.985307E+03,1.465072E-01,3.990881E+03,3.218491E-02,0.000000E+00,0.000000E+00,5.425525E-02,2.178483E+02,3.036697E-01,4.044198E+03,4.118411E+03,2.263795E-01,6.336671E+03,5.425525E-02,0.000000E+00,0.000000E+00,3.218491E-02,1.292304E+02,1.978559E-01,2.596471E+03,2.645823E+03,1.455336E-01,3.972399E+03,3.218491E-02,0.000000E+00,0.000000E+00
13:20:00,7.157073E-02,2.773656E+02,3.030389E-01,4.257941E+03,4.334168E+03,1.468640E-01,5.478210E+03,7.157073E-02,0.000000E+00,0.000000E+00,5.425525E-02,2.102611E+02,3.866940E-01,4.976902E+03,5.079916E+03,2.474173E-01,6.736011E+03,5.425525E-02,0.000000E+00,0.000000E+00,3.218491E-02,1.247296E+02,2.280559E-01,2.937493E+03,2.996408E+03,1.465072E-01,3.990880E+03,3.218491E-02,0.000000E+00,0.000000E+00,5.425525E-02,2.102611E+02,3.055875E-01,4.073155E+03,4.148243E+03,2.263795E-01,6.336671E+03,5.425525E-02,0.000000E+00,0.000000E+00,3.218491E-02,1.247296E+02,1.991053E-01,2.614894E+03,2.664745E+03,1.455336E-01,3.972399E+03,3.218491E-02,0.000000E+00,0.000000E+00
13:30:00,7.157073E-02,2.673569E+02,3.044431E-01,4.283596E+03,4.360862E+03,1.468642E-01,5.478214E+03,7.157073E-02,0.000000E+00,0.000000E+00,5.425525E-02,2.026738E+02,3.894437E-01,5.015130E+03,5.118937E+03,2.474173E-01,6.736011E+03,5.425525E-02,0.000000E+00,0.000000E+00,3.218491E-02,1.202287E+02,2.286998E-01,2.949167E+03,3.008483E+03,1.465072E-01,3.990880E+03,3.218491E-02,0.000000E+00,0.000000E+00,5.425525E-02,2.026738E+02,3.075002E-01,4.102055E+03,4.178024E+03,2.263795E-01,6.336671E+03,5.425525E-02,0.000000E+00,0.000000E+00,3.218491E-02,1.202287E+02,2.003347E-01,2.633093E+03,2.683446E+03,1.455336E-01,3.972399E+03,3.218491E-02,0.000000E+00,0.000000E+00
13:40:00,7.157073E-02,2.573482E+02,3.058623E-01,4.309417E+03,4.387714E+03,1.468644E-01,5.478218E+03,7.157073E-02,0.000000E+00,0.000000E+00,5.425525E-02,1.950866E+02,3.917267E-01,5.048158E+03,5.152636E+03,2.474173E-01,6.736011E+03,5.425525E-02,0.000000E+00,0.000000E+00,3.218491E-02,1.157279E+02,2.294015E-01,2.961486E+03,3.021193E+03,1.465072E-01,3.990880E+03,3.218491E-02,0.000000E+00,0.000000E+00,5.425525E-02,1.950866E+02,3.094013E-01,4.130825E+03,4.207672E+03,2.263795E-01,6.336671E+03,5.425525E-02,0.000000E+00,0.000000E+00,3.218491E-02,1.157279E+02,2.015417E-01,2.651044E+03,2.701894E+03,1.455336E-01,3.972398E+03,3.218491E-02,0.000000E+00,0.000000E+00
13:50:00,7.157073E-02,2.473396E+02,3.072901E-01,4.335336E+03,4.414647E+03,1.468646E-01,5.478222E+03,7.157073E-02,0.000000E+00,0.000000E+00,5.425525E-02,1.874994E+02,3.935319E-01,5.075862E+03,5.180864E+03,2.474173E-01,6.736010E+03,5.425525E-02,0.000000E+00,0.000000E+00,3.218491E-02,1.112271E+02,2.301372E-01,2.974185E+03,3.034261E+03,1.465072E-01,3.990879E+03,3.218491E-02,0.000000E+00,0.000000E+00,5.425525E-02,1.874994E+02,3.112838E-01,4.159389E+03,4.237091E+03,2.263795E-01,6.336671E+03,5.425525E-02,0.000000E+00,0.000000E+00,3.218491E-02,1.112271E+02,2.027236E-01,2.668714E+03,2.720046E+03,1.455335E-01,3.972398E+03,3.218491E-02,0.000000E+00,0.000000E+00
14:00:00,7.157073E-02,2.373309E+02,3.087227E-01,4.361307E+03,4.441618E+03,1.468648E-01,5.478225E+03,7.157073E-02,0.000000E+00,0.000000E+00,5.425525E-02,1.799122E+02,3.950258E-01,5.100097E+03,5.205662E+03,2.474173E-01,6.736010E+03,5.425525E-02,0.000000E+00,0.000000E+00,3.218491E-02,1.067262E+02,2.308809E-01,2.986972E+03,3.047385E+03,1.465072E-01,3.990879E+03,3.218491E-02,0.000000E+00,0.000000E+00,5.425525E-02,1.799122E+02,3.131315E-01,4.187565E+03,4.266076E+03,2.263795E-01,6.336671E+03,5.425525E-02,0.000000E+00,0.000000E+00,3.218491E-02,1.067262E+02,2.044907E-01,2.692905E+03,2.745492E+03,1.455335E-01,3.972398E+03,3.218491E-02,0.000000E+00,0.000000E+00
14:10:00,7.157073E-02,2.373309E+02,3.101581E-01,4.377301E+03,4.458441E+03,1.468650E-01,5.478229E+03,7.157073E-02,0.000000E+00,0.000000E+00,5.425525E-02,1.799122E+02,3.960387E-01,5.111385E+03,5.217034E+03,2.474173E-01,6.736010E+03,5.425525E-02,0.000000E+00,0.000000E+00,3.218491E-02,1.067262E+02,2.316064E-01,2.995055E+03,3.055695E+03,1.465071E-01,3.990879E+03,3.218491E-02,0.000000E+00,0.000000E+00,5.425525E-02,1.799122E+02,3.149233E-01,4.207530E+03,4.286663E+03,2.263795E-01,6.336671E+03,5.425525E-02,0.000000E+00,0.000000E+00,3.218491E-02,1.067262E+02,2.073540E-01,2.724810E+03,2.779299E+03,1.455335E-01,3.972398E+03,3.218491E-02,0.000000E+00,0.000000E+00
14:20:00,7.157073E-02,2.373309E+02,3.115992E-01,4.393358E+03,4.475324E+03,1.468652E-01,5.478233E+03,7.157073E-02,0.000000E+00,0.000000E+00,5.425525E-02,1.799122E+02,3.965373E-01,5.116943E+03,5.222449E+03,2.474173E-01,6.736011E+03,5.425525E-02,0.000000E+00,0.000000E+00,3.218491E-02,1.067262E+02,2.323004E-01,3.002789E+03,3.063646E+03,1.465071E-01,3.990879E+03,3.218491E-02,0.000000E+00,0.000000E+00,5.425525E-02,1.799122E+02,3.166569E-01,4.226847E+03,4.306591E+03,2.263796E-01,6.336672E+03,5.425525E-02,0.000000E+00,0.000000E+00,3.218491E-02,1.067262E+02,2.115532E-01,2.771600E+03,2.828184E+03,1.455335E-01,3.972398E+03,3.218491E-02,0.000000E+00,0.000000E+00
14:30:00,7.157073E-02,2.373309E+02,3.130473E-01,4.409494E+03,4.492280E+03,1.468654E-01,5.478236E+03,7.157073E-02,0.000000E+00,0.000000E+00,5.425525E-02,1.799122E+02,3.965252E-01,5.116810E+03,5.222108E+03,2.474173E-01,6.736011E+03,5.425525E-02,0.000000E+00,0.000000E+00,3.218491E-02,1.067262E+02,2.329514E-01,3.010042E+03,3.071114E+03,1.465071E-01,3.990879E+03,3.218491E-02,0.000000E+00,0.000000E+00,5.425525E-02,1.799122E+02,3.183301E-01,4.245492E+03,4.325844E+03,2.263796E-01,6.336672E+03,5.425525E-02,0.000000E+00,0.000000E+00,3.218491E-02,1.067262E+02,2.172120E-01,2.834652E+03,2.893325E+03,1.455335E-01,3.972398E+03,3.218491E-02,0.000000E+00,0.000000E+00
14:40:00,7.157073E-02,2.373309E+02,3.145037E-01,4.425723E+03,4.509322E+03,1.468656E-01,5.478240E+03,7.157073E-02,0.000000E+00,0.000000E+00,5.425525E-02,1.799122E+02,3.960132E-01,5.111106E+03,5.216157E+03,2.474173E-01,6.736011E+03,5.425525E-02,0.000000E+00,0.000000E+00,3.218491E-02,1.067262E+02,2.335492E-01,3.016704E+03,3.077975E+03,1.465071E-01,3.990879E+03,3.218491E-02,0.000000E+00,0.000000E+00,5.425525E-02,1.799122E+02,3.199405E-01,4.263436E+03,4.344379E+03,2.263796E-01,6.336672E+03,5.425525E-02,0.000000E+00,0.000000E+00,3.218491E-02,1.067262E+02,2.244437E-01,2.915230E+03,2.976225E+03,1.455335E-01,3.972398E+03,3.218491E-02,0.000000E+00,0.000000E+00
14:50:00,7.157073E-02,2.373309E+02,3.159696E-01,4.442057E+03,4.526466E+03,1.468658E-01,5.478244E+03,7.157073E-02,0.000000E+00,0.000000E+00,5.425525E-02,1.799122E+02,3.950137E-01,5.099970E+03,5.204683E+03,2.474173E-01,6.736011E+03,5.425525E-02,0.000000E+00,0.000000E+00,3.218491E-02,1.067262E+02,2.340849E-01,3.022673E+03,3.084110E+03,1.465071E-01,3.990879E+03,3.218491E-02,0.000000E+00,0.000000E+00,5.425525E-02,1.799122E+02,3.214866E-01,4.280664E+03,4.362155E+03,2.263796E-01,6.336673E+03,5.425525E-02,0.000000E+00,0.000000E+00,3.218491E-02,1.067262E+02,2.333294E-01,3.014238E+03,3.078120E+03,1.455335E-01,3.972398E+03,3.218491E-02,0.000000E+00,0.000000E+00
15:00:00,7.157073E-02,2.373309E+02,3.174445E-01,4.458491E+03,4.543707E+03,1.468660E-01,5.478247E+03,7.157073E-02,0.000000E+00,0.000000E+00,5.425525E-02,1.799122E+02,3.933722E-01,5.081680E+03,5.185715E+03,2.474173E-01,6.736011E+03,5.425525E-02,0.000000E+00,0.000000E+00,3.218491E-02,1.067262E+02,2.345591E-01,3.027956E+03,3.089524E+03,1.465071E-01,3.990879E+03,3.218491E-02,0.000000E+00,0.000000E+00,5.425525E-02,1.799122E+02,3.229756E-01,4.297256E+03,4.379250E+03,2.263796E-01,6.336673E+03,5.425525E-02,0.000000E+00,0.000000E+00,3.218491E-02,1.067262E+02,2.433084E-01,3.125426E+03,3.192344E+03,1.455335E-01,3.972398E+03,3.218491E-02,0.000000E+00,0.000000E+00
15:10:00,7.157073E-02,2.493413E+02,3.189253E-01,4.462981E+03,4.548811E+03,1.468662E-01,5.478251E+03,7.157073E-02,0.000000E+00,0.000000E+00,5.425525E-02,1.890169E+02,3.912447E-01,5.048871E+03,5.151866E+03,2.474173E-01,6.736011E+03,5.425525E-02,0.000000E+00,0.000000E+00,3.218491E-02,1.121272E+02,2.349554E-01,3.026972E+03,3.088530E+03,1.465071E-01,3.990879E+03,3.218491E-02,0.000000E+00,0.000000E+00,5.425525E-02,1.890169E+02,3.243923E-01,4.303938E+03,4.386217E+03,2.263797E-01,6.336674E+03,5.425525E-02,0.000000E+00,0.000000E+00,3.218491E-02,1.121272E+02,2.538656E-01,3.237658E+03,3.307336E+03,1.455335E-01,3.972398E+03,3.218491E-02,0.000000E+00,0.000000E+00
15:20:00,7.157073E-02,2.613517E+02,3.204037E-01,4.467443E+03,4.553873E+03,1.468663E-01,5.478254E+03,7.157073E-02,0.000000E+00,0.000000E+00,5.425525E-02,1.981215E+02,3.886849E-01,5.011246E+03,5.113081E+03,2.474173E-01,6.736012E+03,5.425525E-02,0.000000E+00,0.000000E+00,3.218491E-02,1.175282E+02,2.352680E-01,3.025054E+03,3.086585E+03,1.465071E-01,3.990879E+03,3.218491E-02,0.000000E+00,0.000000E+00,5.425525E-02,1.981215E+02,3.257311E-01,4.309752E+03,4.392299E+03,2.263797E-01,6.336674E+03,5.425525E-02,0.000000E+00,0.000000E+00,3.218491E-02,1.175282E+02,2.647599E-01,3.353647E+03,3.425920E+03,1.455335E-01,3.972398E+03,3.218491E-02,0.000000E+00,0.000000E+00
15:30:00,7.157073E-02,2.733621E+02,3.218726E-01,4.471801E+03,4.558809E+03,1.468665E-01,5.478258E+03,7.157073E-02,0.000000E+00,0.000000E+00,5.425525E-02,2.072262E+02,3.857323E-01,4.969242E+03,5.069837E+03,2.474173E-01,6.736012E+03,5.425525E-02,0.000000E+00,0.000000E+00,3.218491E-02,1.229292E+02,2.354923E-01,3.022153E+03,3.083650E+03,1.465071E-01,3.990879E+03,3.218491E-02,0.000000E+00,0.000000E+00,5.425525E-02,2.072262E+02,3.269879E-01,4.314652E+03,4.397467E+03,2.263797E-01,6.336675E+03,5.425525E-02,0.000000E+00,0.000000E+00,3.218491E-02,1.229292E+02,2.758459E-01,3.471773E+03,3.546547E+03,1.455335E-01,3.972398E+03,3.218491E-02,0.000000E+00,0.000000E+00
15:40:00,7.157073E-02,2.853725E+02,3.233255E-01,4.475979E+03,4.563545E+03,1.468667E-01,5.478261E+03,7.157073E-02,0.000000E+00,0.000000E+00,5.425525E-02,2.163308E+02,3.824535E-01,4.923603E+03,5.022897E+03,2.474174E-01,6.736012E+03,5.425525E-02,0.000000E+00,0.000000E+00,3.218491E-02,1.283302E+02,2.356248E-01,3.018229E+03,3.079674E+03,1.465071E-01,3.990879E+03,3.218491E-02,0.000000E+00,0.000000E+00,5.425525E-02,2.163308E+02,3.281596E-01,4.318603E+03,4.401671E+03,2.263798E-01,6.336676E+03,5.425525E-02,0.000000E+00,0.000000E+00,3.218491E-02,1.283302E+02,2.869714E-01,3.590341E+03,3.667537E+03,1.455335E-01,3.972398E+03,3.218491E-02,0.000000E+00,0.000000E+00
15:50:00,7.157073E-02,2.973829E+02,3.247555E-01,4.479903E+03,4.568000E+03,1.468669E-01,5.478265E+03,7.157073E-02,0.000000E+00,0.000000E+00,5.425525E-02,2.254355E+02,3.789107E-01,4.875023E+03,4.972917E+03,2.474174E-01,6.736013E+03,5.425525E-02,0.000000E+00,0.000000E+00,3.218491E-02,1.337312E+02,2.356629E-01,3.013252E+03,3.074608E+03,1.465071E-01,3.990879E+03,3.218491E-02,0.000000E+00,0.000000E+00,5.425525E-02,2.254355E+02,3.292425E-01,4.321566E+03,4.404843E+03,2.263798E-01,6.336676E+03,5.425525E-02,0.000000E+00,0.000000E+00,3.218491E-02,1.337312E+02,2.980002E-01,3.707832E+03,3.787363E+03,1.455335E-01,3.972398E+03,3.218491E-02,0.000000E+00,0.000000E+00
16:00:00,7.157073E-02,3.093932E+02,3.261571E-01,4.483510E+03,4.572109E+03,1.468671E-01,5.478268E+03,7.157073E-02,0.000000E+00,0.000000E+00,5.425525E-02,2.345401E+02,3.754921E-01,4.827827E+03,4.924590E+03,2.474174E-01,6.736013E+03,5.425525E-02,0.000000E+00,0.000000E+00,3.218491E-02,1.391322E+02,2.356033E-01,3.007188E+03,3.068404E+03,1.465071E-01,3.990879E+03,3.218491E-02,0.000000E+00,0.000000E+00,5.425525E-02,2.345401E+02,3.302342E-01,4.323512E+03,4.406933E+03,2.263798E-01,6.336677E+03,5.425525E-02,0.000000E+00,0.000000E+00,3.218491E-02,1.391322E+02,3.086847E-01,3.821488E+03,3.903144E+03,1.455336E-01,3.972398E+03,3.218491E-02,0.000000E+00,0.000000E+00
16:10:00,7.157073E-02,3.254071E+02,3.275261E-01,4.482751E+03,4.571756E+03,1.468672E-01,5.478271E+03,7.157073E-02,0.000000E+00,0.000000E+00,5.425525E-02,2.466796E+02,3.723879E-01,4.781099E+03,4.876745E+03,2.474174E-01,6.736014E+03,5.425525E-02,0.000000E+00,0.000000E+00,3.218491E-02,1.463335E+02,2.354720E-01,2.998524E+03,3.059542E+03,1.465072E-01,3.990879E+03,3.218491E-02,0.000000E+00,0.000000E+00,5.425525E-02,2.466796E+02,3.311670E-01,4.321767E+03,4.405252E+03,2.263799E-01,6.336678E+03,5.425525E-02,0.000000E+00,0.000000E+00,3.218491E-02,1.463335E+02,3.186263E-01,3.925067E+03,4.008489E+03,1.455336E-01,3.972398E+03,3.218491E-02,0.000000E+00,0.000000E+00
16:20:00,7.157073E-02,3.414209E+02,3.288587E-01,4.481585E+03,4.570969E+03,1.468674E-01,5.478275E+03,7.157073E-02,0.000000E+00,0.000000E+00,5.425525E-02,2.588192E+02,3.696590E-01,4.738551E+03,4.833017E+03,2.474175E-01,6.736014E+03,5.425525E-02,0.000000E+00,0.000000E+00,3.218491E-02,1.535349E+02,2.352695E-01,2.989066E+03,3.049870E+03,1.465072E-01,3.990879E+03,3.218491E-02,0.000000E+00,0.000000E+00,5.425525E-02,2.588192E+02,3.320325E-01,4.319271E+03,4.402801E+03,2.263799E-01,6.336678E+03,5.425525E-02,0.000000E+00,0.000000E+00,3.218491E-02,1.535349E+02,3.276510E-01,4.018430E+03,4.103623E+03,1.455336E-01,3.972399E+03,3.218491E-02,0.000000E+00,0.000000E+00
16:30:00,7.157073E-02,3.574348E+02,3.301512E-01,4.479973E+03,4.569701E+03,1.468676E-01,5.478278E+03,7.157073E-02,0.000000E+00,0.000000E+00,5.425525E-02,2.709587E+02,3.673819E-01,4.701039E+03,4.794418E+03,2.474175E-01,6.736015E+03,5.425525E-02,0.000000E+00,0.000000E+00,3.218491E-02,1.607362E+02,2.349958E-01,2.978815E+03,3.039392E+03,1.465072E-01,3.990880E+03,3.218491E-02,0.000000E+00,0.000000E+00,5.425525E-02,2.709587E+02,3.328192E-01,4.315898E+03,4.399453E+03,2.263799E-01,6.336679E+03,5.425525E-02,0.000000E+00,0.000000E+00,3.218491E-02,1.607362E+02,3.356595E-01,4.100470E+03,4.187525E+03,1.455336E-01,3.972399E+03,3.218491E-02,0.000000E+00,0.000000E+00
16:40:00,7.157073E-02,3.734486E+02,3.313990E-01,4.477864E+03,4.567898E+03,1.468678E-01,5.478281E+03,7.157073E-02,0.000000E+00,0.000000E+00,5.425525E-02,2.830982E+02,3.654978E-01,4.667904E+03,4.760330E+03,2.474175E-01,6.736015E+03,5.425525E-02,0.000000E+00,0.000000E+00,3.218491E-02,1.679375E+02,2.345673E-01,2.966840E+03,3.027073E+03,1.465072E-01,3.990880E+03,3.218491E-02,0.000000E+00,0.000000E+00,5.425525E-02,2.830982E+02,3.333990E-01,4.310220E+03,4.393614E+03,2.263800E-01,6.336680E+03,5.425525E-02,0.000000E+00,0.000000E+00,3.218491E-02,1.679375E+02,3.427120E-01,4.171858E+03,4.260790E+03,1.455336E-01,3.972399E+03,3.218491E-02,0.000000E+00,0.000000E+00
16:50:00,7.157073E-02,3.894625E+02,3.325966E-01,4.475195E+03,4.565501E+03,1.468679E-01,5.478284E+03,7.157073E-02,0.000000E+00,0.000000E+00,5.425525E-02,2.952378E+02,3.641429E-01,4.640666E+03,4.732629E+03,2.474175E-01,6.736016E+03,5.425525E-02,0.000000E+00,0.000000E+00,3.218491E-02,1.751388E+02,2.340439E-01,2.953806E+03,3.013738E+03,1.465072E-01,3.990880E+03,3.218491E-02,0.000000E+00,0.000000E+00,5.425525E-02,2.952378E+02,3.338438E-01,4.303038E+03,4.386322E+03,2.263800E-01,6.336680E+03,5.425525E-02,0.000000E+00,0.000000E+00,3.218491E-02,1.751388E+02,3.486507E-01,4.230835E+03,4.321193E+03,1.455336E-01,3.972399E+03,3.218491E-02,0.000000E+00,0.000000E+00
17:00:00,7.157073E-02,4.054763E+02,3.337395E-01,4.471916E+03,4.562457E+03,1.468681E-01,5.478288E+03,7.157073E-02,0.000000E+00,0.000000E+00,5.425525E-02,3.073773E+02,3.630175E-01,4.615985E+03,4.707565E+03,2.474176E-01,6.736016E+03,5.425525E-02,0.000000E+00,0.000000E+00,3.218491E-02,1.823402E+02,2.334370E-01,2.939843E+03,2.999482E+03,1.465072E-01,3.990880E+03,3.218491E-02,0.000000E+00,0.000000E+00,5.425525E-02,3.073773E+02,3.341592E-01,4.294413E+03,4.377590E+03,2.263801E-01,6.336681E+03,5.425525E-02,0.000000E+00,0.000000E+00,3.218491E-02,1.823402E+02,3.535334E-01,4.278044E+03,4.369385E+03,1.455336E-01,3.972400E+03,3.218491E-02,0.000000E+00,0.000000E+00
17:10:00,7.157073E-02,4.254936E+02,3.348231E-01,4.463973E+03,4.554646E+03,1.468683E-01,5.478291E+03,7.157073E-02,0.000000E+00,0.000000E+00,5.425525E-02,3.225517E+02,3.620324E-01,4.589833E+03,4.680910E+03,2.474176E-01,6.736017E+03,5.425525E-02,0.000000E+00,0.000000E+00,3.218491E-02,1.913418E+02,2.327477E-01,2.923160E+03,2.982425E+03,1.465072E-01,3.990880E+03,3.218491E-02,0.000000E+00,0.000000E+00,5.425525E-02,3.225517E+02,3.343373E-01,4.281223E+03,4.364159E+03,2.263801E-01,6.336682E+03,5.425525E-02,0.000000E+00,0.000000E+00,3.218491E-02,1.913418E+02,3.576631E-01,4.315063E+03,4.407215E+03,1.455336E-01,3.972400E+03,3.218491E-02,0.000000E+00,0.000000E+00
17:20:00,7.157073E-02,4.455109E+02,3.358435E-01,4.455326E+03,4.546094E+03,1.468684E-01,5.478294E+03,7.157073E-02,0.000000E+00,0.000000E+00,5.425525E-02,3.377261E+02,3.611761E-01,4.565117E+03,4.655669E+03,2.474176E-01,6.736018E+03,5.425525E-02,0.000000E+00,0.000000E+00,3.218491E-02,2.003435E+02,2.319760E-01,2.905560E+03,2.964389E+03,1.465072E-01,3.990881E+03,3.218491E-02,0.000000E+00,0.000000E+00,5.425525E-02,3.377261E+02,3.343738E-01,4.266456E+03,4.349049E+03,2.263801E-01,6.336683E+03,5.425525E-02,0.000000E+00,0.000000E+00,3.218491E-02,2.003435E+02,3.611118E-01,4.344493E+03,4.437389E+03,1.455337E-01,3.972400E+03,3.218491E-02,0.000000E+00,0.000000E+00
17:30:00,7.157073E-02,4.655282E+02,3.367974E-01,4.445938E+03,4.536757E+03,1.468686E-01,5.478297E+03,7.157073E-02,0.000000E+00,0.000000E+00,5.425525E-02,3.529006E+02,3.603945E-01,4.541232E+03,4.631251E+03,2.474177E-01,6.736018E+03,5.425525E-02,0.000000E+00,0.000000E+00,3.218491E-02,2.093451E+02,2.311217E-01,2.887039E+03,2.945375E+03,1.465073E-01,3.990881E+03,3.218491E-02,0.000000E+00,0.000000E+00,5.425525E-02,3.529006E+02,3.342732E-01,4.250161E+03,4.332324E+03,2.263802E-01,6.336684E+03,5.425525E-02,0.000000E+00,0.000000E+00,3.218491E-02,2.093451E+02,3.638858E-01,4.366404E+03,4.459945E+03,1.455337E-01,3.972401E+03,3.218491E-02,0.000000E+00,0.000000E+00
17:40:00,7.157073E-02,4.855455E+02,3.376826E-01,4.435784E+03,4.526613E+03,1.468688E-01,5.478300E+03,7.157073E-02,0.000000E+00,0.000000E+00,5.425525E-02,3.680750E+02,3.597248E-01,4.518595E+03,4.608184E+03,2.474177E-01,6.736019E+03,5.425525E-02,0.000000E+00,0.000000E+00,3.218491E-02,2.183468E+02,2.302678E-01,2.868524E+03,2.926414E+03,1.465073E-01,3.990881E+03,3.218491E-02,0.000000E+00,0.000000E+00,5.425525E-02,3.680750E+02,3.341592E-01,4.233717E+03,4.315533E+03,2.263802E-01,6.336685E+03,5.425525E-02,0.000000E+00,0.000000E+00,3.218491E-02,2.183468E+02,3.658407E-01,4.379188E+03,4.473130E+03,1.455337E-01,3.972401E+03,3.218491E-02,0.000000E+00,0.000000E+00
17:50:00,7.157073E-02,5.055629E+02,3.385024E-01,4.424902E+03,4.515708E+03,1.468689E-01,5.478303E+03,7.157073E-02,0.000000E+00,0.000000E+00,5.425525E-02,3.832494E+02,3.590055E-01,4.495405E+03,4.584514E+03,2.474177E-01,6.736020E+03,5.425525E-02,0.000000E+00,0.000000E+00,3.218491E-02,2.273485E+02,2.293540E-01,2.849339E+03,2.906762E+03,1.465073E-01,3.990882E+03,3.218491E-02,0.000000E+00,0.000000E+00,5.425525E-02,3.832494E+02,3.339571E-01,4.216291E+03,4.297730E+03,2.263803E-01,6.336685E+03,5.425525E-02,0.000000E+00,0.000000E+00,3.218491E-02,2.273485E+02,3.669505E-01,4.382556E+03,4.476630E+03,1.455337E-01,3.972401E+03,3.218491E-02,0.000000E+00,0.000000E+00
18:00:00,7.157073E-02,5.255802E+02,3.392759E-01,4.413504E+03,4.504289E+03,1.468691E-01,5.478306E+03,7.157073E-02,0.000000E+00,0.000000E+00,5.425525E-02,3.984238E+02,3.581726E-01,4.470950E+03,4.559496E+03,2.474178E-01,6.736020E+03,5.425525E-02,0.000000E+00,0.000000E+00,3.218491E-02,2.363501E+02,2.283672E-01,2.829342E+03,2.886265E+03,1.465073E-01,3.990882E+03,3.218491E-02,0.000000E+00,0.000000E+00,5.425525E-02,3.984238E+02,3.336897E-01,4.198137E+03,4.279192E+03,2.263803E-01,6.336686E+03,5.425525E-02,0.000000E+00,0.000000E+00,3.218491E-02,2.363501E+02,3.671162E-01,4.375403E+03,4.469396E+03,1.455337E-01,3.972402E+03,3.218491E-02,0.000000E+00,0.000000E+00
18:10:00,7.157073E-02,5.556061E+02,3.400363E-01,4.391952E+03,4.482593E+03,1.468692E-01,5.478309E+03,7.157073E-02,0.000000E+00,0.000000E+00,5.425525E-02,4.211854E+02,3.571585E-01,4.436889E+03,4.524616E+03,2.497314E-01,6.779937E+03,5.425525E-02,0.000000E+00,0.000000E+00,3.218491E-02,2.498526E+02,2.272878E-01,2.803813E+03,2.860106E+03,1.479815E-01,4.018865E+03,3.218491E-02,0.000000E+00,0.000000E+00,5.425525E-02,4.211854E+02,3.337656E-01,4.176222E+03,4.257260E+03,2.285917E-01,6.378662E+03,5.425525E-02,0.000000E+00,0.000000E+00,3.218491E-02,2.498526E+02,3.663214E-01,4.353046E+03,4.446801E+03,1.470079E-01,4.000385E+03,3.218491E-02,0.000000E+00,0.000000E+00
18:20:00,7.157073E-02,5.856321E+02,3.408163E-01,4.370617E+03,4.461160E+03,1.468694E-01,5.478312E+03,7.157073E-02,0.000000E+00,0.000000E+00,5.425525E-02,4.439470E+02,3.559238E-01,4.400369E+03,4.487188E+03,2.520451E-01,6.823857E+03,5.425525E-02,0.000000E+00,0.000000E+00,3.218491E-02,2.633551E+02,2.261149E-01,2.777241E+03,2.832878E+03,1.494559E-01,4.046852E+03,3.218491E-02,0.000000E+00,0.000000E+00,5.425525E-02,4.439470E+02,3.343517E-01,4.159991E+03,4.241274E+03,2.308032E-01,6.420642E+03,5.425525E-02,0.000000E+00,0.000000E+00,3.218491E-02,2.633551E+02,3.645809E-01,4.320151E+03,4.413565E+03,1.484823E-01,4.028371E+03,3.218491E-02,0.000000E+00,0.000000E+00
18:30:00,7.157073E-02,6.156580E+02,3.416381E-01,4.349748E+03,4.440223E+03,1.468695E-01,5.478315E+03,7.157073E-02,0.000000E+00,0.000000E+00,5.425525E-02,4.667087E+02,3.544364E-01,4.361034E+03,4.446861E+03,2.543602E-01,6.867806E+03,5.425525E-02,0.000000E+00,0.000000E+00,3.218491E-02,2.768576E+02,2.248513E-01,2.749658E+03,2.804625E+03,1.509310E-01,4.074855E+03,3.218491E-02,0.000000E+00,0.000000E+00,5.425525E-02,4.667087E+02,3.355515E-01,4.150598E+03,4.232210E+03,2.330159E-01,6.462647E+03,5.425525E-02,0.000000E+00,0.000000E+00,3.218491E-02,2.768576E+02,3.618928E-01,4.276699E+03,4.369525E+03,1.499575E-01,4.056375E+03,3.218491E-02,0.000000E+00,0.000000E+00
18:40:00,7.157073E-02,6.456840E+02,3.425100E-01,4.329438E+03,4.419866E+03,1.468697E-01,5.478318E+03,7.157073E-02,0.000000E+00,0.000000E+00,5.425525E-02,4.894703E+02,3.526779E-01,4.318679E+03,4.403417E+03,2.566766E-01,6.911783E+03,5.425525E-02,0.000000E+00,0.000000E+00,3.218491E-02,2.903601E+02,2.235022E-01,2.721123E+03,2.775396E+03,1.524070E-01,4.102877E+03,3.218491E-02,0.000000E+00,0.000000E+00,5.425525E-02,4.894703E+02,3.373701E-01,4.148099E+03,4.230070E+03,2.352298E-01,6.504677E+03,5.425525E-02,0.000000E+00,0.000000E+00,3.218491E-02,2.903601E+02,3.582353E-01,4.222443E+03,4.314314E+03,1.514334E-01,4.084396E+03,3.218491E-02,0.000000E+00,0.000000E+00
18:50:00,7.157073E-02,6.757100E+02,3.434207E-01,4.309559E+03,4.399951E+03,1.468699E-01,5.478322E+03,7.157073E-02,0.000000E+00,0.000000E+00,5.425525E-02,5.122319E+02,3.506442E-01,4.273256E+03,4.356790E+03,2.589939E-01,6.955781E+03,5.425525E-02,0.000000E+00,0.000000E+00,3.218491E-02,3.038626E+02,2.220756E-01,2.691725E+03,2.745270E+03,1.538835E-01,4.130912E+03,3.218491E-02,0.000000E+00,0.000000E+00,5.425525E-02,5.122319E+02,3.396985E-01,4.151281E+03,4.233667E+03,2.374446E-01,6.546728E+03,5.425525E-02,0.000000E+00,0.000000E+00,3.218491E-02,3.038626E+02,3.537027E-01,4.158436E+03,4.249056E+03,1.529099E-01,4.112431E+03,3.218491E-02,0.000000E+00,0.000000E+00
19:00:00,7.157073E-02,7.057359E+02,3.443284E-01,4.289647E+03,4.379983E+03,1.468701E-01,5.478325E+03,7.157073E-02,0.000000E+00,0.000000E+00,5.425525E-02,5.349935E+02,3.482195E-01,4.223477E+03,4.305514E+03,2.613119E-01,6.999796E+03,5.425525E-02,0.000000E+00,0.000000E+00,3.218491E-02,3.173650E+02,2.205143E-01,2.660825E+03,2.713518E+03,1.553605E-01,4.158957E+03,3.218491E-02,0.000000E+00,0.000000E+00,5.425525E-02,5.349935E+02,3.420701E-01,4.154944E+03,4.237538E+03,2.396601E-01,6.588795E+03,5.425525E-02,0.000000E+00,0.000000E+00,3.218491E-02,3.173650E+02,3.481893E-01,4.083500E+03,4.172506E+03,1.543869E-01,4.140476E+03,3.218491E-02,0.000000E+00,0.000000E+00
19:10:00,7.157073E-02,7.277550E+02,3.451652E-01,4.276953E+03,4.367280E+03,1.468703E-01,5.478330E+03,7.157073E-02,0.000000E+00,0.000000E+00,5.425525E-02,5.516854E+02,3.465701E-01,4.188408E+03,4.270356E+03,2.613168E-01,6.999908E+03,5.425525E-02,0.000000E+00,0.000000E+00,3.218491E-02,3.272669E+02,2.195488E-01,2.640165E+03,2.692885E+03,1.553636E-01,4.159027E+03,3.218491E-02,0.000000E+00,0.000000E+00,5.425525E-02,5.516854E+02,3.450139E-01,4.171054E+03,4.255144E+03,2.396648E-01,6.588898E+03,5.425525E-02,0.000000E+00,0.000000E+00,3.218491E-02,3.272669E+02,3.424506E-01,4.009655E+03,4.097608E+03,1.543900E-01,4.140546E+03,3.218491E-02,0.000000E+00,0.000000E+00
19:20:00,7.157073E-02,7.497740E+02,3.458607E-01,4.262683E+03,4.352878E+03,1.468706E-01,5.478335E+03,7.157073E-02,0.000000E+00,0.000000E+00,5.425525E-02,5.683772E+02,3.447138E-01,4.151032E+03,4.219246E+03,2.613221E-01,7.000025E+03,5.425525E-02,0.000000E+00,0.000000E+00,3.218491E-02,3.371687E+02,2.185429E-01,2.619055E+03,2.662710E+03,1.553669E-01,4.159100E+03,3.218491E-02,0.000000E+00,0.000000E+00,5.425525E-02,5.683772E+02,3.472235E-01,4.178982E+03,4.251284E+03,2.396698E-01,6.589008E+03,5.425525E-02,0.000000E+00,0.000000E+00,3.218491E-02,3.371687E+02,3.357985E-01,3.925630E+03,3.999956E+03,1.543933E-01,4.140619E+03,3.218491E-02,0.000000E+00,0.000000E+00
19:30:00,7.157073E-02,7.717930E+02,3.463546E-01,4.246168E+03,4.336071E+03,1.468709E-01,5.478342E+03,7.157073E-02,0.000000E+00,0.000000E+00,5.425525E-02,5.850691E+02,3.426650E-01,4.111513E+03,4.161991E+03,2.613264E-01,7.000121E+03,5.425525E-02,0.000000E+00,0.000000E+00,3.218491E-02,3.470705E+02,2.175007E-01,2.597541E+03,2.629648E+03,1.553696E-01,4.159161E+03,3.218491E-02,0.000000E+00,0.000000E+00,5.425525E-02,5.850691E+02,3.483619E-01,4.174977E+03,4.231029E+03,2.396740E-01,6.589099E+03,5.425525E-02,0.000000E+00,0.000000E+00,3.218491E-02,3.470705E+02,3.281892E-01,3.830943E+03,3.889754E+03,1.543960E-01,4.140680E+03,3.218491E-02,0.000000E+00,0.000000E+00
19:40:00,7.157073E-02,7.938121E+02,3.466052E-01,4.226942E+03,4.316380E+03,1.468713E-01,5.478349E+03,7.157073E-02,0.000000E+00,0.000000E+00,5.425525E-02,6.017610E+02,3.404277E-01,4.069895E+03,4.106164E+03,2.613297E-01,7.000196E+03,5.425525E-02,0.000000E+00,0.000000E+00,3.218491E-02,3.569723E+02,2.164169E-01,2.575565E+03,2.598682E+03,1.553717E-01,4.159208E+03,3.218491E-02,0.000000E+00,0.000000E+00,5.425525E-02,6.017610E+02,3.482389E-01,4.156920E+03,4.199597E+03,2.396772E-01,6.589172E+03,5.425525E-02,0.000000E+00,0.000000E+00,3.218491E-02,3.569723E+02,3.195682E-01,3.724986E+03,3.772884E+03,1.543981E-01,4.140727E+03,3.218491E-02,0.000000E+00,0.000000E+00
19:50:00,7.157073E-02,8.158311E+02,3.465853E-01,4.204702E+03,4.293486E+03,1.468717E-01,5.478356E+03,7.157073E-02,0.000000E+00,0.000000E+00,5.425525E-02,6.184528E+02,3.379631E-01,4.025748E+03,4.052898E+03,2.613323E-01,7.000255E+03,5.425525E-02,0.000000E+00,0.000000E+00,3.218491E-02,3.668742E+02,2.152540E-01,2.552710E+03,2.570340E+03,1.553734E-01,4.159246E+03,3.218491E-02,0.000000E+00,0.000000E+00,5.425525E-02,6.184528E+02,3.463985E-01,4.119731E+03,4.153145E+03,2.396799E-01,6.589229E+03,5.425525E-02,0.000000E+00,0.000000E+00,3.218491E-02,3.668742E+02,3.093328E-01,3.601041E+03,3.642177E+03,1.543998E-01,4.140765E+03,3.218491E-02,0.000000E+00,0.000000E+00
20:00:00,7.157073E-02,8.378501E+02,3.462722E-01,4.179194E+03,4.267118E+03,1.468721E-01,5.478364E+03,7.157073E-02,0.000000E+00,0.000000E+00,5.425525E-02,6.351447E+02,3.354115E-01,3.980633E+03,4.002587E+03,2.613345E-01,7.000301E+03,5.425525E-02,0.000000E+00,0.000000E+00,3.218491E-02,3.767760E+02,2.140667E-01,2.529585E+03,2.544308E+03,1.553748E-01,4.159276E+03,3.218491E-02,0.000000E+00,0.000000E+00,5.425525E-02,6.351447E+02,3.431707E-01,4.067084E+03,4.094761E+03,2.396821E-01,6.589276E+03,5.425525E-02,0.000000E+00,0.000000E+00,3.218491E-02,3.767760E+02,2.979163E-01,3.463936E+03,3.501014E+03,1.544012E-01,4.140795E+03,3.218491E-02,0.000000E+00,0.000000E+00
20:10:00,7.157073E-02,8.558657E+02,3.456531E-01,4.154281E+03,4.241202E+03,1.468726E-01,5.478372E+03,7.157073E-02,0.000000E+00,0.000000E+00,5.425525E-02,6.488016E+02,3.317006E-01,3.925635E+03,3.943420E+03,2.613363E-01,7.000339E+03,5.425525E-02,0.000000E+00,0.000000E+00,3.218491E-02,3.848775E+02,2.121528E-01,2.500163E+03,2.512674E+03,1.553760E-01,4.159300E+03,3.218491E-02,0.000000E+00,0.000000E+00,5.425525E-02,6.488016E+02,3.376158E-01,3.991541E+03,4.014268E+03,2.396839E-01,6.589314E+03,5.425525E-02,0.000000E+00,0.000000E+00,3.218491E-02,3.848775E+02,2.848825E-01,3.310609E+03,3.344027E+03,1.544024E-01,4.140819E+03,3.218491E-02,0.000000E+00,0.000000E+00
20:20:00,7.157073E-02,8.738813E+02,3.447334E-01,4.126019E+03,4.211766E+03,1.468730E-01,5.478380E+03,7.157073E-02,0.000000E+00,0.000000E+00,5.425525E-02,6.624586E+02,3.277745E-01,3.868240E+03,3.882739E+03,2.613378E-01,7.000370E+03,5.425525E-02,0.000000E+00,0.000000E+00,3.218491E-02,3.929790E+02,2.100997E-01,2.469190E+03,2.480020E+03,1.553770E-01,4.159321E+03,3.218491E-02,0.000000E+00,0.000000E+00,5.425525E-02,6.624586E+02,3.310016E-01,3.904197E+03,3.922694E+03,2.396855E-01,6.589346E+03,5.425525E-02,0.000000E+00,0.000000E+00,3.218491E-02,3.929790E+02,2.715016E-01,3.153414E+03,3.183216E+03,1.544034E-01,4.140840E+03,3.218491E-02,0.000000E+00,0.000000E+00
20:30:00,7.157073E-02,8.918969E+02,3.435492E-01,4.094809E+03,4.179276E+03,1.468734E-01,5.478387E+03,7.157073E-02,0.000000E+00,0.000000E+00,5.425525E-02,6.761156E+02,3.238534E-01,3.810900E+03,3.822743E+03,2.613391E-01,7.000396E+03,5.425525E-02,0.000000E+00,0.000000E+00,3.218491E-02,4.010805E+02,2.080090E-01,2.437798E+03,2.447279E+03,1.553778E-01,4.159338E+03,3.218491E-02,0.000000E+00,0.000000E+00,5.425525E-02,6.761156E+02,3.241731E-01,3.814462E+03,3.829410E+03,2.396868E-01,6.589372E+03,5.425525E-02,0.000000E+00,0.000000E+00,3.218491E-02,4.010805E+02,2.588154E-01,3.003957E+03,3.030155E+03,1.544043E-01,4.140857E+03,3.218491E-02,0.000000E+00,0.000000E+00
20:40:00,7.157073E-02,9.099125E+02,3.421629E-01,4.061348E+03,4.144490E+03,1.468737E-01,5.478394E+03,7.157073E-02,0.000000E+00,0.000000E+00,5.425525E-02,6.897726E+02,3.200431E-01,3.754790E+03,3.764335E+03,2.613402E-01,7.000418E+03,5.425525E-02,0.000000E+00,0.000000E+00,3.218491E-02,4.091820E+02,2.059211E-01,2.406435E+03,2.414729E+03,1.553785E-01,4.159352E+03,3.218491E-02,0.000000E+00,0.000000E+00,5.425525E-02,6.897726E+02,3.174888E-01,3.726329E+03,3.737771E+03,2.396879E-01,6.589395E+03,5.425525E-02,0.000000E+00,0.000000E+00,3.218491E-02,4.091820E+02,2.473077E-01,2.867629E+03,2.889776E+03,1.544050E-01,4.140872E+03,3.218491E-02,0.000000E+00,0.000000E+00
20:50:00,7.157073E-02,9.279280E+02,3.406465E-01,4.026437E+03,4.108241E+03,1.468741E-01,5.478401E+03,7.157073E-02,0.000000E+00,0.000000E+00,5.425525E-02,7.034295E+02,3.164452E-01,3.701046E+03,3.708524E+03,2.613411E-01,7.000437E+03,5.425525E-02,0.000000E+00,0.000000E+00,3.218491E-02,4.172834E+02,2.038904E-01,2.375707E+03,2.382906E+03,1.553792E-01,4.159365E+03,3.218491E-02,0.000000E+00,0.000000E+00,5.425525E-02,7.034295E+02,3.115884E-01,3.646929E+03,3.655149E+03,2.396888E-01,6.589414E+03,5.425525E-02,0.000000E+00,0.000000E+00,3.218491E-02,4.172834E+02,2.378646E-01,2.754303E+03,2.772629E+03,1.544056E-01,4.140884E+03,3.218491E-02,0.000000E+00,0.000000E+00
21:00:00,7.157073E-02,9.459436E+02,3.390779E-01,3.990943E+03,4.071420E+03,1.468744E-01,5.478407E+03,7.157073E-02,0.000000E+00,0.000000E+00,5.425525E-02,7.170865E+02,3.130914E-01,3.650018E+03,3.655604E+03,2.613420E-01,7.000453E+03,5.425525E-02,0.000000E+00,0.000000E+00,3.218491E-02,4.253849E+02,2.019419E-01,2.345895E+03,2.352062E+03,1.553797E-01,4.159375E+03,3.218491E-02,0.000000E+00,0.000000E+00,5.425525E-02,7.170865E+02,3.066355E-01,3.578083E+03,3.583531E+03,2.396897E-01,6.589431E+03,5.425525E-02,0.000000E+00,0.000000E+00,3.218491E-02,4.253849E+02,2.304951E-01,2.664080E+03,2.679206E+03,1.544062E-01,4.140895E+03,3.218491E-02,0.000000E+00,0.000000E+00
21:10:00,7.157073E-02,9.639592E+02,3.375311E-01,3.955694E+03,4.034900E+03,1.468747E-01,5.478413E+03,7.157073E-02,0.000000E+00,0.000000E+00,5.425525E-02,7.307435E+02,3.099959E-01,3.601870E+03,3.605741E+03,2.613427E-01,7.000467E+03,5.425525E-02,0.000000E+00,0.000000E+00,3.218491E-02,4.334864E+02,2.000970E-01,2.317236E+03,2.322445E+03,1.553802E-01,4.159385E+03,3.218491E-02,0.000000E+00,0.000000E+00,5.425525E-02,7.307435E+02,3.027044E-01,3.520623E+03,3.523991E+03,2.396904E-01,6.589446E+03,5.425525E-02,0.000000E+00,0.000000E+00,3.218491E-02,4.334864E+02,2.250859E-01,2.595702E+03,2.608591E+03,1.544066E-01,4.140904E+03,3.218491E-02,0.000000E+00,0.000000E+00
21:20:00,7.157073E-02,9.819748E+02,3.360618E-01,3.921306E+03,3.999342E+03,1.468750E-01,5.478419E+03,7.157073E-02,0.000000E+00,0.000000E+00,5.425525E-02,7.444005E+02,3.072555E-01,3.557677E+03,3.560136E+03,2.613433E-01,7.000480E+03,5.425525E-02,0.000000E+00,0.000000E+00,3.218491E-02,4.415879E+02,1.984212E-01,2.290462E+03,2.294857E+03,1.553806E-01,4.159393E+03,3.218491E-02,0.000000E+00,0.000000E+00,5.425525E-02,7.444005E+02,2.997112E-01,3.473611E+03,3.475653E+03,2.396911E-01,6.589459E+03,5.425525E-02,0.000000E+00,0.000000E+00,3.218491E-02,4.415879E+02,2.211969E-01,2.544263E+03,2.555793E+03,1.544071E-01,4.140913E+03,3.218491E-02,0.000000E+00,0.000000E+00
21:30:00,7.157073E-02,9.999903E+02,3.346920E-01,3.888028E+03,3.965012E+03,1.468753E-01,5.478424E+03,7.157073E-02,0.000000E+00,0.000000E+00,5.425525E-02,7.580574E+02,3.046866E-01,3.515395E+03,3.516550E+03,2.613439E-01,7.000491E+03,5.425525E-02,0.000000E+00,0.000000E+00,3.218491E-02,4.496894E+02,1.968205E-01,2.264523E+03,2.268151E+03,1.553810E-01,4.159401E+03,3.218491E-02,0.000000E+00,0.000000E+00,5.425525E-02,7.580574E+02,2.970747E-01,3.430575E+03,3.431453E+03,2.396917E-01,6.589470E+03,5.425525E-02,0.000000E+00,0.000000E+00,3.218491E-02,4.496894E+02,2.179860E-01,2.500380E+03,2.510806E+03,1.544075E-01,4.140921E+03,3.218491E-02,0.000000E+00,0.000000E+00
21:40:00,7.157073E-02,1.018006E+03,3.334107E-01,3.855735E+03,3.931762E+03,1.468756E-01,5.478429E+03,7.157073E-02,0.000000E+00,0.000000E+00,5.425525E-02,7.717144E+02,3.022249E-01,3.474307E+03,3.474206E+03,2.613445E-01,7.000502E+03,5.425525E-02,0.000000E+00,0.000000E+00,3.218491E-02,4.577909E+02,1.952682E-01,2.239125E+03,2.242007E+03,1.553814E-01,4.159408E+03,3.218491E-02,0.000000E+00,0.000000E+00,5.425525E-02,7.717144E+02,2.946448E-01,3.389841E+03,3.389605E+03,2.396923E-01,6.589481E+03,5.425525E-02,0.000000E+00,0.000000E+00,3.218491E-02,4.577909E+02,2.151985E-01,2.461215E+03,2.470655E+03,1.544078E-01,4.140928E+03,3.218491E-02,0.000000E+00,0.000000E+00
21:50:00,7.157073E-02,1.036021E+03,3.321967E-01,3.824193E+03,3.899324E+03,1.468758E-01,5.478434E+03,7.157073E-02,0.000000E+00,0.000000E+00,5.425525E-02,7.853714E+02,2.998427E-01,3.434105E+03,3.432778E+03,2.613450E-01,7.000512E+03,5.425525E-02,0.000000E+00,0.000000E+00,3.218491E-02,4.658924E+02,1.937526E-01,2.214134E+03,2.216286E+03,1.553817E-01,4.159414E+03,3.218491E-02,0.000000E+00,0.000000E+00,5.425525E-02,7.853714E+02,2.923645E-01,3.350774E+03,3.349451E+03,2.396928E-01,6.589491E+03,5.425525E-02,0.000000E+00,0.000000E+00,3.218491E-02,4.658924E+02,2.127185E-01,2.425477E+03,2.434010E+03,1.544082E-01,4.140934E+03,3.218491E-02,0.000000E+00,0.000000E+00
22:00:00,7.157073E-02,1.054037E+03,3.310312E-01,3.793189E+03,3.867459E+03,1.468761E-01,5.478439E+03,7.157073E-02,0.000000E+00,0.000000E+00,5.425525E-02,7.990283E+02,2.975189E-01,3.394554E+03,3.392014E+03,2.613455E-01,7.000521E+03,5.425525E-02,0.000000E+00,0.000000E+00,3.218491E-02,4.739939E+02,1.922638E-01,2.189443E+03,2.190870E+03,1.553820E-01,4.159420E+03,3.218491E-02,0.000000E+00,0.000000E+00,5.425525E-02,7.990283E+02,2.901925E-01,3.312913E+03,3.310512E+03,2.396933E-01,6.589500E+03,5.425525E-02,0.000000E+00,0.000000E+00,3.218491E-02,4.739939E+02,2.104634E-01,2.392246E+03,2.399922E+03,1.544085E-01,4.140940E+03,3.218491E-02,0.000000E+00,0.000000E+00
22:10:00,7.157073E-02,1.068049E+03,3.298997E-01,3.766570E+03,3.840058E+03,1.468763E-01,5.478443E+03,7.157073E-02,0.000000E+00,0.000000E+00,5.425525E-02,8.096504E+02,2.952653E-01,3.358819E+03,3.355153E+03,2.613459E-01,7.000530E+03,5.425525E-02,0.000000E+00,0.000000E+00,3.218491E-02,4.802951E+02,1.908109E-01,2.166952E+03,2.167704E+03,1.553823E-01,4.159426E+03,3.218491E-02,0.000000E+00,0.000000E+00,5.425525E-02,8.096504E+02,2.881232E-01,3.279232E+03,3.275831E+03,2.396937E-01,6.589509E+03,5.425525E-02,0.000000E+00,0.000000E+00,3.218491E-02,4.802951E+02,2.083905E-01,2.362846E+03,2.369743E+03,1.544088E-01,4.140946E+03,3.218491E-02,0.000000E+00,0.000000E+00
22:20:00,7.157073E-02,1.082061E+03,3.287918E-01,3.740212E+03,3.812925E+03,1.468765E-01,5.478448E+03,7.157073E-02,0.000000E+00,0.000000E+00,5.425525E-02,8.202725E+02,2.930727E-01,3.323765E+03,3.318987E+03,2.613464E-01,7.000538E+03,5.425525E-02,0.000000E+00,0.000000E+00,3.218491E-02,4.865962E+02,1.893894E-01,2.144812E+03,2.144896E+03,1.553826E-01,4.159431E+03,3.218491E-02,0.000000E+00,0.000000E+00,5.425525E-02,8.202725E+02,2.861359E-01,3.246466E+03,3.242073E+03,2.396942E-01,6.589517E+03,5.425525E-02,0.000000E+00,0.000000E+00,3.218491E-02,4.865962E+02,2.064569E-01,2.334998E+03,2.341142E+03,1.544091E-01,4.140951E+03,3.218491E-02,0.000000E+00,0.000000E+00
22:30:00,7.157073E-02,1.096073E+03,3.276998E-01,3.714032E+03,3.785969E+03,1.468768E-01,5.478452E+03,7.157073E-02,0.000000E+00,0.000000E+00,5.425525E-02,8.308946E+02,2.909340E-01,3.289311E+03,3.283426E+03,2.613468E-01,7.000546E+03,5.425525E-02,0.000000E+00,0.000000E+00,3.218491E-02,4.928974E+02,1.879962E-01,2.122986E+03,2.122403E+03,1.553829E-01,4.159436E+03,3.218491E-02,0.000000E+00,0.000000E+00,5.425525E-02,8.308946E+02,2.842153E-01,3.214442E+03,3.209055E+03,2.396946E-01,6.589525E+03,5.425525E-02,0.000000E+00,0.000000E+00,3.218491E-02,4.928974E+02,2.046308E-01,2.308348E+03,2.313754E+03,1.544093E-01,4.140956E+03,3.218491E-02,0.000000E+00,0.000000E+00
22:40:00,7.157073E-02,1.110086E+03,3.266184E-01,3.687971E+03,3.759127E+03,1.468770E-01,5.478456E+03,7.157073E-02,0.000000E+00,0.000000E+00,5.425525E-02,8.415167E+02,2.888444E-01,3.255405E+03,3.248419E+03,2.613472E-01,7.000553E+03,5.425525E-02,0.000000E+00,0.000000E+00,3.218491E-02,4.991985E+02,1.866291E-01,2.101451E+03,2.100204E+03,1.553831E-01,4.159441E+03,3.218491E-02,0.000000E+00,0.000000E+00,5.425525E-02,8.415167E+02,2.823503E-01,3.183038E+03,3.176659E+03,2.396950E-01,6.589533E+03,5.425525E-02,0.000000E+00,0.000000E+00,3.218491E-02,4.991985E+02,2.028888E-01,2.282635E+03,2.287317E+03,1.544096E-01,4.140961E+03,3.218491E-02,0.000000E+00,0.000000E+00
22:50:00,7.157073E-02,1.124098E+03,3.255442E-01,3.661988E+03,3.732360E+03,1.468772E-01,5.478460E+03,7.157073E-02,0.000000E+00,0.000000E+00,5.425525E-02,8.521388E+02,2.868008E-01,3.222012E+03,3.213941E+03,2.613476E-01,7.000561E+03,5.425525E-02,0.000000E+00,0.000000E+00,3.218491E-02,5.054997E+02,1.852865E-01,2.080189E+03,2.078288E+03,1.553834E-01,4.159446E+03,3.218491E-02,0.000000E+00,0.000000E+00,5.425525E-02,8.521388E+02,2.805328E-01,3.152163E+03,3.144803E+03,2.396953E-01,6.589540E+03,5.425525E-02,0.000000E+00,0.000000E+00,3.218491E-02,5.054997E+02,2.012137E-01,2.257668E+03,2.261640E+03,1.544098E-01,4.140966E+03,3.218491E-02,0.000000E+00,0.000000E+00
23:00:00,7.157073E-02,1.138110E+03,3.244745E-01,3.636057E+03,3.705635E+03,1.468774E-01,5.478464E+03,7.157073E-02,0.000000E+00,0.000000E+00,5.425525E-02,8.627609E+02,2.848019E-01,3.189116E+03,3.179984E+03,2.613479E-01,7.000568E+03,5.425525E-02,0.000000E+00,0.000000E+00,3.218491E-02,5.118009E+02,1.839677E-01,2.059193E+03,2.056649E+03,1.553836E-01,4.159450E+03,3.218491E-02,0.000000E+00,0.000000E+00,5.425525E-02,8.627609E+02,2.787572E-01,3.121756E+03,3.113428E+03,2.396957E-01,6.589547E+03,5.425525E-02,0.000000E+00,0.000000E+00,3.218491E-02,5.118009E+02,1.995931E-01,2.233308E+03,2.236586E+03,1.544101E-01,4.140970E+03,3.218491E-02,0.000000E+00,0.000000E+00
23:10:00,7.157073E-02,1.152122E+03,3.234074E-01,3.610155E+03,3.678934E+03,1.468776E-01,5.478468E+03,7.157073E-02,0.000000E+00,0.000000E+00,5.425525E-02,8.733830E+02,2.828201E-01,3.156410E+03,3.146212E+03,2.613483E-01,7.000575E+03,5.425525E-02,0.000000E+00,0.000000E+00,3.218491E-02,5.181020E+02,1.826562E-01,2.038278E+03,2.035087E+03,1.553838E-01,4.159455E+03,3.218491E-02,0.000000E+00,0.000000E+00,5.425525E-02,8.733830E+02,2.769954E-01,3.091502E+03,3.082197E+03,2.396961E-01,6.589554E+03,5.425525E-02,0.000000E+00,0.000000E+00,3.218491E-02,5.181020E+02,1.980012E-01,2.209269E+03,2.211851E+03,1.544103E-01,4.140975E+03,3.218491E-02,0.000000E+00,0.000000E+00
23:20:00,7.157073E-02,1.166134E+03,3.223417E-01,3.584268E+03,3.652241E+03,1.468778E-01,5.478472E+03,7.157073E-02,0.000000E+00,0.000000E+00,5.425525E-02,8.840051E+02,2.808496E-01,3.123830E+03,3.112555E+03,2.613486E-01,7.000581E+03,5.425525E-02,0.000000E+00,0.000000E+00,3.218491E-02,5.244032E+02,1.813515E-01,2.017438E+03,2.013597E+03,1.553841E-01,4.159459E+03,3.218491E-02,0.000000E+00,0.000000E+00,5.425525E-02,8.840051E+02,2.752443E-01,3.061367E+03,3.051074E+03,2.396964E-01,6.589560E+03,5.425525E-02,0.000000E+00,0.000000E+00,3.218491E-02,5.244032E+02,1.964310E-01,2.185471E+03,2.187356E+03,1.544105E-01,4.140979E+03,3.218491E-02,0.000000E+00,0.000000E+00
23:30:00,7.157073E-02,1.180146E+03,3.212766E-01,3.558388E+03,3.625549E+03,1.468780E-01,5.478475E+03,7.157073E-02,0.000000E+00,0.000000E+00,5.425525E-02,8.946272E+02,2.788897E-01,3.091369E+03,3.079011E+03,2.613490E-01,7.000588E+03,5.425525E-02,0.000000E+00,0.000000E+00,3.218491E-02,5.307043E+02,1.800537E-01,1.996676E+03,1.992184E+03,1.553843E-01,4.159463E+03,3.218491E-02,0.000000E+00,0.000000E+00,5.425525E-02,8.946272E+02,2.735024E-01,3.031335E+03,3.020048E+03,2.396968E-01,6.589567E+03,5.425525E-02,0.000000E+00,0.000000E+00,3.218491E-02,5.307043E+02,1.948779E-01,2.161863E+03,2.163049E+03,1.544108E-01,4.140983E+03,3.218491E-02,0.000000E+00,0.000000E+00
23:40:00,7.157073E-02,1.194158E+03,3.202114E-01,3.532506E+03,3.598849E+03,1.468782E-01,5.478479E+03,7.157073E-02,0.000000E+00,0.000000E+00,5.425525E-02,9.052492E+02,2.769432E-01,3.059057E+03,3.045617E+03,2.613493E-01,7.000594E+03,5.425525E-02,0.000000E+00,0.000000E+00,3.218491E-02,5.370055E+02,1.787641E-01,1.976004E+03,1.970860E+03,1.553845E-01,4.159467E+03,3.218491E-02,0.000000E+00,0.000000E+00,5.425525E-02,9.052492E+02,2.717702E-01,3.001411E+03,2.989123E+03,2.396971E-01,6.589573E+03,5.425525E-02,0.000000E+00,0.000000E+00,3.218491E-02,5.370055E+02,1.933389E-01,2.138412E+03,2.138896E+03,1.544110E-01,4.140987E+03,3.218491E-02,0.000000E+00,0.000000E+00
23:50:00,7.157073E-02,1.208170E+03,3.191457E-01,3.506620E+03,3.572139E+03,1.468784E-01,5.478483E+03,7.157073E-02,0.000000E+00,0.000000E+00,5.425525E-02,9.158713E+02,2.750031E-01,3.026817E+03,3.012283E+03,2.613497E-01,7.000600E+03,5.425525E-02,0.000000E+00,0.000000E+00,3.218491E-02,5.433067E+02,1.774839E-01,1.955437E+03,1.949640E+03,1.553847E-01,4.159471E+03,3.218491E-02,0.000000E+00,0.000000E+00,5.425525E-02,9.158713E+02,2.700510E-01,2.971632E+03,2.958343E+03,2.396974E-01,6.589579E+03,5.425525E-02,0.000000E+00,0.000000E+00,3.218491E-02,5.433067E+02,1.918123E-01,2.115100E+03,2.114880E+03,1.544112E-01,4.140991E+03,3.218491E-02,0.000000E+00,0.000000E+00
24:00:00,7.157073E-02,1.222182E+03,3.180794E-01,3.480726E+03,3.545417E+03,1.468786E-01,5.478486E+03,7.157073E-02,0.000000E+00,0.000000E+00,5.425525E-02,9.264934E+02,2.730653E-01,2.994601E+03,2.978963E+03,2.613500E-01,7.000607E+03,5.425525E-02,0.000000E+00,0.000000E+00,3.218491E-02,5.496078E+02,1.762099E-01,1.934941E+03,1.928485E+03,1.553849E-01,4.159475E+03,3.218491E-02,0.000000E+00,0.000000E+00,5.425525E-02,9.264934E+02,2.683377E-01,2.941919E+03,2.927618E+03,2.396977E-01,6.589585E+03,5.425525E-02,0.000000E+00,0.000000E+00,3.218491E-02,5.496078E+02,1.902982E-01,2.091927E+03,2.091003E+03,1.544114E-01,4.140995E+03,3.218491E-02,0.000000E+00,0.000000E+00
Coinc Peak   ,1.468786E-01,3.466052E-01,5.478486E+03,4.483510E+03,2.613500E-01,3.965373E-01,7.000607E+03,5.116943E+03,1.553849E-01,3.234539E-01,4.159475E+03,3.797108E+03,2.396977E-01,3.483619E-01,6.589585E+03,4.323512E+03,1.544114E-01,3.671162E-01,4.140995E+03,4.382556E+03
NonCoinc Peak,1.468786E-01,3.466052E-01,5.478486E+03,4.483510E+03,2.613500E-01,3.965373E-01,7.000607E+03,5.116943E+03,1.553849E-01,3.234539E-01,4.159475E+03,3.797108E+03,2.396977E-01,3.483619E-01,6.589585E+03,4.323512E+03,1.544114E-01,3.671162E-01,4.140995E+03,4.382556E+03
