Time,BACK_SPACE ZN PSZ-AC:DesPer 1:Des Heat Mass Flow [kg/s],BACK_SPACE ZN PSZ-AC:DesPer 1:Des Heat Cap [W],BACK_SPACE ZN PSZ-AC:DesPer 1:Des Cool Mass Flow [kg/s],BACK_SPACE ZN PSZ-AC:DesPer 1:Des Sens Cool Cap [W],BACK_SPACE ZN PSZ-AC:DesPer 1:Des Tot Cool Cap [W],BACK_SPACE ZN PSZ-AC:DesPer 2:Des Heat Mass Flow [kg/s],BACK_SPACE ZN PSZ-AC:DesPer 2:Des Heat Cap [W],BACK_SPACE ZN PSZ-AC:DesPer 2:Des Cool Mass Flow [kg/s],BACK_SPACE ZN PSZ-AC:DesPer 2:Des Sens Cool Cap [W],BACK_SPACE ZN PSZ-AC:DesPer 2:Des Tot Cool Cap [W],CORE_RETAIL ZN PSZ-AC:DesPer 1:Des Heat Mass Flow [kg/s],CORE_RETAIL ZN PSZ-AC:DesPer 1:Des Heat Cap [W],CORE_RETAIL ZN PSZ-AC:DesPer 1:Des Cool Mass Flow [kg/s],CORE_RETAIL ZN PSZ-AC:DesPer 1:Des Sens Cool Cap [W],CORE_RETAIL ZN PSZ-AC:DesPer 1:Des Tot Cool Cap [W],CORE_RETAIL ZN PSZ-AC:DesPer 2:Des Heat Mass Flow [kg/s],CORE_RETAIL ZN PSZ-AC:DesPer 2:Des Heat Cap [W],CORE_RETAIL ZN PSZ-AC:DesPer 2:Des Cool Mass Flow [kg/s],CORE_RETAIL ZN PSZ-AC:DesPer 2:Des Sens Cool Cap [W],CORE_RETAIL ZN PSZ-AC:DesPer 2:Des Tot Cool Cap [W],FRONT_RETAIL ZN PSZ-AC:DesPer 1:Des Heat Mass Flow [kg/s],FRONT_RETAIL ZN PSZ-AC:DesPer 1:Des Heat Cap [W],FRONT_RETAIL ZN PSZ-AC:DesPer 1:Des Cool Mass Flow [kg/s],FRONT_RETAIL ZN PSZ-AC:DesPer 1:Des Sens Cool Cap [W],FRONT_RETAIL ZN PSZ-AC:DesPer 1:Des Tot Cool Cap [W],FRONT_RETAIL ZN PSZ-AC:DesPer 2:Des Heat Mass Flow [kg/s],FRONT_RETAIL ZN PSZ-AC:DesPer 2:Des Heat Cap [W],FRONT_RETAIL ZN PSZ-AC:DesPer 2:Des Cool Mass Flow [kg/s],FRONT_RETAIL ZN PSZ-AC:DesPer 2:Des Sens Cool Cap [W],FRONT_RETAIL ZN PSZ-AC:DesPer 2:Des Tot Cool Cap [W],POINT_OF_SALE ZN PSZ-AC:DesPer 1:Des Heat Mass Flow [kg/s],POINT_OF_SALE ZN PSZ-AC:DesPer 1:Des Heat Cap [W],POINT_OF_SALE ZN PSZ-AC:DesPer 1:Des Cool Mass Flow [kg/s],POINT_OF_SALE ZN PSZ-AC:DesPer 1:Des Sens Cool Cap [W],POINT_OF_SALE ZN PSZ-AC:DesPer 1:Des Tot Cool Cap [W],POINT_OF_SALE ZN PSZ-AC:DesPer 2:Des Heat Mass Flow [kg/s],POINT_OF_SALE ZN PSZ-AC:DesPer 2:Des Heat Cap [W],POINT_OF_SALE ZN PSZ-AC:DesPer 2:Des Cool Mass Flow [kg/s],POINT_OF_SALE ZN PSZ-AC:DesPer 2:Des Sens Cool Cap [W],POINT_OF_SALE ZN PSZ-AC:DesPer 2:Des Tot Cool Cap [W]
00:10:00,2.564823E-01,4.422878E+03,2.564823E-01,2.587336E+03,1.171226E+03,2.564823E-01,1.451011E+04,2.564823E-01,0.000000E+00,0.000000E+00,2.093593E+00,3.610272E+04,2.093593E+00,2.111970E+04,9.560388E+03,2.093593E+00,1.184420E+05,2.093593E+00,0.000000E+00,0.000000E+00,1.972747E-01,3.401880E+03,1.972747E-01,1.990063E+03,9.008544E+02,1.972747E-01,1.116053E+04,1.972747E-01,0.000000E+00,0.000000E+00,1.972747E-01,3.401880E+03,1.972747E-01,1.990063E+03,9.008544E+02,1.972747E-01,1.116053E+04,1.972747E-01,0.000000E+00,0.000000E+00
00:20:00,2.564823E-01,4.465919E+03,2.564823E-01,2.544296E+03,1.127689E+03,2.564823E-01,1.451011E+04,2.564823E-01,0.000000E+00,0.000000E+00,2.093593E+00,3.645405E+04,2.093593E+00,2.076837E+04,9.205009E+03,2.093593E+00,1.184420E+05,2.093593E+00,0.000000E+00,0.000000E+00,1.972747E-01,3.434985E+03,1.972747E-01,1.956958E+03,8.673679E+02,1.972747E-01,1.116053E+04,1.972747E-01,0.000000E+00,0.000000E+00,1.972747E-01,3.434985E+03,1.972747E-01,1.956958E+03,8.673679E+02,1.972747E-01,1.116053E+04,1.972747E-01,0.000000E+00,0.000000E+00
00:30:00,2.564823E-01,4.508960E+03,2.564823E-01,2.501255E+03,1.084148E+03,2.564823E-01,1.451011E+04,2.564823E-01,0.000000E+00,0.000000E+00,2.093593E+00,3.680537E+04,2.093593E+00,2.041704E+04,8.849597E+03,2.093593E+00,1.184420E+05,2.093593E+00,0.000000E+00,0.000000E+00,1.972747E-01,3.468090E+03,1.972747E-01,1.923853E+03,8.338781E+02,1.972747E-01,1.116053E+04,1.972747E-01,0.000000E+00,0.000000E+00,1.972747E-01,3.468090E+03,1.972747E-01,1.923853E+03,8.338781E+02,1.972747E-01,1.116053E+04,1.972747E-01,0.000000E+00,0.000000E+00
00:40:00,2.564823E-01,4.552000E+03,2.564823E-01,2.458214E+03,1.040611E+03,2.564823E-01,1.451011E+04,2.564823E-01,0.000000E+00,0.000000E+00,2.093593E+00,3.715670E+04,2.093593E+00,2.006571E+04,8.494220E+03,2.093593E+00,1.184420E+05,2.093593E+00,0.000000E+00,0.000000E+00,1.972747E-01,3.501195E+03,1.972747E-01,1.890748E+03,8.003917E+02,1.972747E-01,1.116053E+04,1.972747E-01,0.000000E+00,0.000000E+00,1.972747E-01,3.501195E+03,1.972747E-01,1.890748E+03,8.003917E+02,1.972747E-01,1.116053E+04,1.972747E-01,0.000000E+00,0.000000E+00
00:50:00,2.564823E-01,4.595041E+03,2.564823E-01,2.415174E+03,9.970705E+02,2.564823E-01,1.451011E+04,2.564823E-01,0.000000E+00,0.000000E+00,2.093593E+00,3.750803E+04,2.093593E+00,1.971439E+04,8.138807E+03,2.093593E+00,1.184420E+05,2.093593E+00,0.000000E+00,0.000000E+00,1.972747E-01,3.534300E+03,1.972747E-01,1.857643E+03,7.669020E+02,1.972747E-01,1.116053E+04,1.972747E-01,0.000000E+00,0.000000E+00,1.972747E-01,3.534300E+03,1.972747E-01,1.857643E+03,7.669020E+02,1.972747E-01,1.116053E+04,1.972747E-01,0.000000E+00,0.000000E+00
01:00:00,2.564823E-01,4.638082E+03,2.564823E-01,2.372133E+03,9.535338E+02,2.564823E-01,1.451011E+04,2.564823E-01,0.000000E+00,0.000000E+00,2.093593E+00,3.785936E+04,2.093593E+00,1.936306E+04,7.783429E+03,2.093593E+00,1.184420E+05,2.093593E+00,0.000000E+00,0.000000E+00,1.972747E-01,3.567405E+03,1.972747E-01,1.824538E+03,7.334155E+02,1.972747E-01,1.116053E+04,1.972747E-01,0.000000E+00,0.000000E+00,1.972747E-01,3.567405E+03,1.972747E-01,1.824538E+03,7.334155E+02,1.972747E-01,1.116053E+04,1.972747E-01,0.000000E+00,0.000000E+00
01:10:00,2.564823E-01,4.666775E+03,2.564823E-01,2.343439E+03,9.245053E+02,2.564823E-01,1.451011E+04,2.564823E-01,0.000000E+00,0.000000E+00,2.093593E+00,3.809358E+04,2.093593E+00,1.912884E+04,7.546477E+03,2.093593E+00,1.184420E+05,2.093593E+00,0.000000E+00,0.000000E+00,1.972747E-01,3.589475E+03,1.972747E-01,1.802468E+03,7.110880E+02,1.972747E-01,1.116053E+04,1.972747E-01,0.000000E+00,0.000000E+00,1.972747E-01,3.589475E+03,1.972747E-01,1.802468E+03,7.110880E+02,1.972747E-01,1.116053E+04,1.972747E-01,0.000000E+00,0.000000E+00
01:20:00,2.564823E-01,4.695469E+03,2.564823E-01,2.314745E+03,8.954807E+02,2.564823E-01,1.451011E+04,2.564823E-01,0.000000E+00,0.000000E+00,2.093593E+00,3.832780E+04,2.093593E+00,1.889462E+04,7.309558E+03,2.093593E+00,1.184420E+05,2.093593E+00,0.000000E+00,0.000000E+00,1.972747E-01,3.611545E+03,1.972747E-01,1.780398E+03,6.887637E+02,1.972747E-01,1.116053E+04,1.972747E-01,0.000000E+00,0.000000E+00,1.972747E-01,3.611545E+03,1.972747E-01,1.780398E+03,6.887637E+02,1.972747E-01,1.116053E+04,1.972747E-01,0.000000E+00,0.000000E+00
01:30:00,2.564823E-01,4.724163E+03,2.564823E-01,2.286052E+03,8.664562E+02,2.564823E-01,1.451011E+04,2.564823E-01,0.000000E+00,0.000000E+00,2.093593E+00,3.856202E+04,2.093593E+00,1.866040E+04,7.072639E+03,2.093593E+00,1.184420E+05,2.093593E+00,0.000000E+00,0.000000E+00,1.972747E-01,3.633615E+03,1.972747E-01,1.758329E+03,6.664393E+02,1.972747E-01,1.116053E+04,1.972747E-01,0.000000E+00,0.000000E+00,1.972747E-01,3.633615E+03,1.972747E-01,1.758329E+03,6.664393E+02,1.972747E-01,1.116053E+04,1.972747E-01,0.000000E+00,0.000000E+00
01:40:00,2.564823E-01,4.752857E+03,2.564823E-01,2.257358E+03,8.374276E+02,2.564823E-01,1.451011E+04,2.564823E-01,0.000000E+00,0.000000E+00,2.093593E+00,3.879624E+04,2.093593E+00,1.842618E+04,6.835687E+03,2.093593E+00,1.184420E+05,2.093593E+00,0.000000E+00,0.000000E+00,1.972747E-01,3.655685E+03,1.972747E-01,1.736259E+03,6.441118E+02,1.972747E-01,1.116053E+04,1.972747E-01,0.000000E+00,0.000000E+00,1.972747E-01,3.655685E+03,1.972747E-01,1.736259E+03,6.441118E+02,1.972747E-01,1.116053E+04,1.972747E-01,0.000000E+00,0.000000E+00
01:50:00,2.564823E-01,4.781551E+03,2.564823E-01,2.228664E+03,8.084032E+02,2.564823E-01,1.451011E+04,2.564823E-01,0.000000E+00,0.000000E+00,2.093593E+00,3.903046E+04,2.093593E+00,1.819196E+04,6.598769E+03,2.093593E+00,1.184420E+05,2.093593E+00,0.000000E+00,0.000000E+00,1.972747E-01,3.677755E+03,1.972747E-01,1.714189E+03,6.217876E+02,1.972747E-01,1.116053E+04,1.972747E-01,0.000000E+00,0.000000E+00,1.972747E-01,3.677755E+03,1.972747E-01,1.714189E+03,6.217876E+02,1.972747E-01,1.116053E+04,1.972747E-01,0.000000E+00,0.000000E+00
02:00:00,2.564823E-01,4.810244E+03,2.564823E-01,2.199970E+03,7.793788E+02,2.564823E-01,1.451011E+04,2.564823E-01,0.000000E+00,0.000000E+00,2.093593E+00,3.926468E+04,2.093593E+00,1.795774E+04,6.361851E+03,2.093593E+00,1.184420E+05,2.093593E+00,0.000000E+00,0.000000E+00,1.972747E-01,3.699825E+03,1.972747E-01,1.692119E+03,5.994632E+02,1.972747E-01,1.116053E+04,1.972747E-01,0.000000E+00,0.000000E+00,1.972747E-01,3.699825E+03,1.972747E-01,1.692119E+03,5.994632E+02,1.972747E-01,1.116053E+04,1.972747E-01,0.000000E+00,0.000000E+00
02:10:00,2.564823E-01,4.831765E+03,2.564823E-01,2.178450E+03,7.576062E+02,2.564823E-01,1.451011E+04,2.564823E-01,0.000000E+00,0.000000E+00,2.093593E+00,3.944034E+04,2.093593E+00,1.778208E+04,6.184127E+03,2.093593E+00,1.184420E+05,2.093593E+00,0.000000E+00,0.000000E+00,1.972747E-01,3.716377E+03,1.972747E-01,1.675566E+03,5.827168E+02,1.972747E-01,1.116053E+04,1.972747E-01,0.000000E+00,0.000000E+00,1.972747E-01,3.716377E+03,1.972747E-01,1.675566E+03,5.827168E+02,1.972747E-01,1.116053E+04,1.972747E-01,0.000000E+00,0.000000E+00
02:20:00,2.564823E-01,4.853285E+03,2.564823E-01,2.156930E+03,7.358378E+02,2.564823E-01,1.451011E+04,2.564823E-01,0.000000E+00,0.000000E+00,2.093593E+00,3.961601E+04,2.093593E+00,1.760641E+04,6.006438E+03,2.093593E+00,1.184420E+05,2.093593E+00,0.000000E+00,0.000000E+00,1.972747E-01,3.732929E+03,1.972747E-01,1.659014E+03,5.659735E+02,1.972747E-01,1.116053E+04,1.972747E-01,0.000000E+00,0.000000E+00,1.972747E-01,3.732929E+03,1.972747E-01,1.659014E+03,5.659735E+02,1.972747E-01,1.116053E+04,1.972747E-01,0.000000E+00,0.000000E+00
02:30:00,2.564823E-01,4.874805E+03,2.564823E-01,2.135409E+03,7.140695E+02,2.564823E-01,1.451011E+04,2.564823E-01,0.000000E+00,0.000000E+00,2.093593E+00,3.979167E+04,2.093593E+00,1.743075E+04,5.828750E+03,2.093593E+00,1.184420E+05,2.093593E+00,0.000000E+00,0.000000E+00,1.972747E-01,3.749482E+03,1.972747E-01,1.642461E+03,5.492303E+02,1.972747E-01,1.116053E+04,1.972747E-01,0.000000E+00,0.000000E+00,1.972747E-01,3.749482E+03,1.972747E-01,1.642461E+03,5.492303E+02,1.972747E-01,1.116053E+04,1.972747E-01,0.000000E+00,0.000000E+00
02:40:00,2.564823E-01,4.896326E+03,2.564823E-01,2.113889E+03,6.923010E+02,2.564823E-01,1.451011E+04,2.564823E-01,0.000000E+00,0.000000E+00,2.093593E+00,3.996733E+04,2.093593E+00,1.725508E+04,5.651059E+03,2.093593E+00,1.184420E+05,2.093593E+00,0.000000E+00,0.000000E+00,1.972747E-01,3.766034E+03,1.972747E-01,1.625909E+03,5.324869E+02,1.972747E-01,1.116053E+04,1.972747E-01,0.000000E+00,0.000000E+00,1.972747E-01,3.766034E+03,1.972747E-01,1.625909E+03,5.324869E+02,1.972747E-01,1.116053E+04,1.972747E-01,0.000000E+00,0.000000E+00
02:50:00,2.564823E-01,4.917846E+03,2.564823E-01,2.092369E+03,6.705286E+02,2.564823E-01,1.451011E+04,2.564823E-01,0.000000E+00,0.000000E+00,2.093593E+00,4.014300E+04,2.093593E+00,1.707942E+04,5.473337E+03,2.093593E+00,1.184420E+05,2.093593E+00,0.000000E+00,0.000000E+00,1.972747E-01,3.782587E+03,1.972747E-01,1.609356E+03,5.157406E+02,1.972747E-01,1.116053E+04,1.972747E-01,0.000000E+00,0.000000E+00,1.972747E-01,3.782587E+03,1.972747E-01,1.609356E+03,5.157406E+02,1.972747E-01,1.116053E+04,1.972747E-01,0.000000E+00,0.000000E+00
03:00:00,2.564823E-01,4.939366E+03,2.564823E-01,2.070848E+03,6.487602E+02,2.564823E-01,1.451011E+04,2.564823E-01,0.000000E+00,0.000000E+00,2.093593E+00,4.031866E+04,2.093593E+00,1.690375E+04,5.295647E+03,2.093593E+00,1.184420E+05,2.093593E+00,0.000000E+00,0.000000E+00,1.972747E-01,3.799139E+03,1.972747E-01,1.592804E+03,4.989973E+02,1.972747E-01,1.116053E+04,1.972747E-01,0.000000E+00,0.000000E+00,1.972747E-01,3.799139E+03,1.972747E-01,1.592804E+03,4.989973E+02,1.972747E-01,1.116053E+04,1.972747E-01,0.000000E+00,0.000000E+00
03:10:00,2.564823E-01,4.960887E+03,2.564823E-01,2.049328E+03,6.269919E+02,2.564823E-01,1.451011E+04,2.564823E-01,0.000000E+00,0.000000E+00,2.093593E+00,4.049433E+04,2.093593E+00,1.672809E+04,5.117959E+03,2.093593E+00,1.184420E+05,2.093593E+00,0.000000E+00,0.000000E+00,1.972747E-01,3.815692E+03,1.972747E-01,1.576251E+03,4.822541E+02,1.972747E-01,1.116053E+04,1.972747E-01,0.000000E+00,0.000000E+00,1.972747E-01,3.815692E+03,1.972747E-01,1.576251E+03,4.822541E+02,1.972747E-01,1.116053E+04,1.972747E-01,0.000000E+00,0.000000E+00
03:20:00,2.564823E-01,4.982407E+03,2.564823E-01,2.027808E+03,6.052234E+02,2.564823E-01,1.451011E+04,2.564823E-01,0.000000E+00,0.000000E+00,2.093593E+00,4.066999E+04,2.093593E+00,1.655243E+04,4.940269E+03,2.093593E+00,1.184420E+05,2.093593E+00,0.000000E+00,0.000000E+00,1.972747E-01,3.832244E+03,1.972747E-01,1.559699E+03,4.655107E+02,1.972747E-01,1.116053E+04,1.972747E-01,0.000000E+00,0.000000E+00,1.972747E-01,3.832244E+03,1.972747E-01,1.559699E+03,4.655107E+02,1.972747E-01,1.116053E+04,1.972747E-01,0.000000E+00,0.000000E+00
03:30:00,2.564823E-01,5.003927E+03,2.564823E-01,2.006287E+03,5.834510E+02,2.564823E-01,1.451011E+04,2.564823E-01,0.000000E+00,0.000000E+00,2.093593E+00,4.084566E+04,2.093593E+00,1.637676E+04,4.762547E+03,2.093593E+00,1.184420E+05,2.093593E+00,0.000000E+00,0.000000E+00,1.972747E-01,3.848797E+03,1.972747E-01,1.543146E+03,4.487644E+02,1.972747E-01,1.116053E+04,1.972747E-01,0.000000E+00,0.000000E+00,1.972747E-01,3.848797E+03,1.972747E-01,1.543146E+03,4.487644E+02,1.972747E-01,1.116053E+04,1.972747E-01,0.000000E+00,0.000000E+00
03:40:00,2.564823E-01,5.025448E+03,2.564823E-01,1.984767E+03,5.616825E+02,2.564823E-01,1.451011E+04,2.564823E-01,0.000000E+00,0.000000E+00,2.093593E+00,4.102132E+04,2.093593E+00,1.620110E+04,4.584857E+03,2.093593E+00,1.184420E+05,2.093593E+00,0.000000E+00,0.000000E+00,1.972747E-01,3.865349E+03,1.972747E-01,1.526594E+03,4.320211E+02,1.972747E-01,1.116053E+04,1.972747E-01,0.000000E+00,0.000000E+00,1.972747E-01,3.865349E+03,1.972747E-01,1.526594E+03,4.320211E+02,1.972747E-01,1.116053E+04,1.972747E-01,0.000000E+00,0.000000E+00
03:50:00,2.564823E-01,5.046968E+03,2.564823E-01,1.963247E+03,5.399142E+02,2.564823E-01,1.451011E+04,2.564823E-01,0.000000E+00,0.000000E+00,2.093593E+00,4.119699E+04,2.093593E+00,1.602543E+04,4.407168E+03,2.093593E+00,1.184420E+05,2.093593E+00,0.000000E+00,0.000000E+00,1.972747E-01,3.881902E+03,1.972747E-01,1.510041E+03,4.152778E+02,1.972747E-01,1.116053E+04,1.972747E-01,0.000000E+00,0.000000E+00,1.972747E-01,3.881902E+03,1.972747E-01,1.510041E+03,4.152778E+02,1.972747E-01,1.116053E+04,1.972747E-01,0.000000E+00,0.000000E+00
04:00:00,2.564823E-01,5.068488E+03,2.564823E-01,1.941726E+03,5.181458E+02,2.564823E-01,1.451011E+04,2.564823E-01,0.000000E+00,0.000000E+00,2.093593E+00,4.137265E+04,2.093593E+00,1.584977E+04,4.229479E+03,2.093593E+00,1.184420E+05,2.093593E+00,0.000000E+00,0.000000E+00,1.972747E-01,3.898454E+03,1.972747E-01,1.493489E+03,3.985346E+02,1.972747E-01,1.116053E+04,1.972747E-01,0.000000E+00,0.000000E+00,1.972747E-01,3.898454E+03,1.972747E-01,1.493489E+03,3.985346E+02,1.972747E-01,1.116053E+04,1.972747E-01,0.000000E+00,0.000000E+00
04:10:00,2.564823E-01,5.082835E+03,2.564823E-01,1.927379E+03,5.036294E+02,2.564823E-01,1.451011E+04,2.564823E-01,0.000000E+00,0.000000E+00,2.093593E+00,4.148976E+04,2.093593E+00,1.573266E+04,4.110986E+03,2.093593E+00,1.184420E+05,2.093593E+00,0.000000E+00,0.000000E+00,1.972747E-01,3.909489E+03,1.972747E-01,1.482454E+03,3.873692E+02,1.972747E-01,1.116053E+04,1.972747E-01,0.000000E+00,0.000000E+00,1.972747E-01,3.909489E+03,1.972747E-01,1.482454E+03,3.873692E+02,1.972747E-01,1.116053E+04,1.972747E-01,0.000000E+00,0.000000E+00
04:20:00,2.564823E-01,5.097182E+03,2.564823E-01,1.913033E+03,4.891172E+02,2.564823E-01,1.451011E+04,2.564823E-01,0.000000E+00,0.000000E+00,2.093593E+00,4.160687E+04,2.093593E+00,1.561555E+04,3.992527E+03,2.093593E+00,1.184420E+05,2.093593E+00,0.000000E+00,0.000000E+00,1.972747E-01,3.920524E+03,1.972747E-01,1.471419E+03,3.762071E+02,1.972747E-01,1.116053E+04,1.972747E-01,0.000000E+00,0.000000E+00,1.972747E-01,3.920524E+03,1.972747E-01,1.471419E+03,3.762071E+02,1.972747E-01,1.116053E+04,1.972747E-01,0.000000E+00,0.000000E+00
04:30:00,2.564823E-01,5.111529E+03,2.564823E-01,1.898686E+03,4.746049E+02,2.564823E-01,1.451011E+04,2.564823E-01,0.000000E+00,0.000000E+00,2.093593E+00,4.172398E+04,2.093593E+00,1.549844E+04,3.874067E+03,2.093593E+00,1.184420E+05,2.093593E+00,0.000000E+00,0.000000E+00,1.972747E-01,3.931559E+03,1.972747E-01,1.460384E+03,3.650448E+02,1.972747E-01,1.116053E+04,1.972747E-01,0.000000E+00,0.000000E+00,1.972747E-01,3.931559E+03,1.972747E-01,1.460384E+03,3.650448E+02,1.972747E-01,1.116053E+04,1.972747E-01,0.000000E+00,0.000000E+00
04:40:00,2.564823E-01,5.125876E+03,2.564823E-01,1.884339E+03,4.600928E+02,2.564823E-01,1.451011E+04,2.564823E-01,0.000000E+00,0.000000E+00,2.093593E+00,4.184109E+04,2.093593E+00,1.538133E+04,3.755609E+03,2.093593E+00,1.184420E+05,2.093593E+00,0.000000E+00,0.000000E+00,1.972747E-01,3.942594E+03,1.972747E-01,1.449349E+03,3.538828E+02,1.972747E-01,1.116053E+04,1.972747E-01,0.000000E+00,0.000000E+00,1.972747E-01,3.942594E+03,1.972747E-01,1.449349E+03,3.538828E+02,1.972747E-01,1.116053E+04,1.972747E-01,0.000000E+00,0.000000E+00
04:50:00,2.564823E-01,5.140223E+03,2.564823E-01,1.869992E+03,4.455804E+02,2.564823E-01,1.451011E+04,2.564823E-01,0.000000E+00,0.000000E+00,2.093593E+00,4.195820E+04,2.093593E+00,1.526422E+04,3.637148E+03,2.093593E+00,1.184420E+05,2.093593E+00,0.000000E+00,0.000000E+00,1.972747E-01,3.953629E+03,1.972747E-01,1.438314E+03,3.427205E+02,1.972747E-01,1.116053E+04,1.972747E-01,0.000000E+00,0.000000E+00,1.972747E-01,3.953629E+03,1.972747E-01,1.438314E+03,3.427205E+02,1.972747E-01,1.116053E+04,1.972747E-01,0.000000E+00,0.000000E+00
05:00:00,2.564823E-01,5.154570E+03,2.564823E-01,1.855645E+03,4.310681E+02,2.564823E-01,1.451011E+04,2.564823E-01,0.000000E+00,0.000000E+00,2.093593E+00,4.207531E+04,2.093593E+00,1.514711E+04,3.518688E+03,2.093593E+00,1.184420E+05,2.093593E+00,0.000000E+00,0.000000E+00,1.972747E-01,3.964664E+03,1.972747E-01,1.427279E+03,3.315583E+02,1.972747E-01,1.116053E+04,1.972747E-01,0.000000E+00,0.000000E+00,1.972747E-01,3.964664E+03,1.972747E-01,1.427279E+03,3.315583E+02,1.972747E-01,1.116053E+04,1.972747E-01,0.000000E+00,0.000000E+00
05:10:00,2.564823E-01,5.140223E+03,2.564823E-01,1.869992E+03,4.455804E+02,2.564823E-01,1.451011E+04,2.564823E-01,0.000000E+00,0.000000E+00,2.093593E+00,4.195820E+04,2.093593E+00,1.526422E+04,3.637148E+03,2.093593E+00,1.184420E+05,2.093593E+00,0.000000E+00,0.000000E+00,1.972747E-01,3.953629E+03,1.972747E-01,1.438314E+03,3.427205E+02,1.972747E-01,1.116053E+04,1.972747E-01,0.000000E+00,0.000000E+00,1.972747E-01,3.953629E+03,1.972747E-01,1.438314E+03,3.427205E+02,1.972747E-01,1.116053E+04,1.972747E-01,0.000000E+00,0.000000E+00
05:20:00,2.564823E-01,5.125876E+03,2.564823E-01,1.884339E+03,4.600928E+02,2.564823E-01,1.451011E+04,2.564823E-01,0.000000E+00,0.000000E+00,2.093593E+00,4.184109E+04,2.093593E+00,1.538133E+04,3.755609E+03,2.093593E+00,1.184420E+05,2.093593E+00,0.000000E+00,0.000000E+00,1.972747E-01,3.942594E+03,1.972747E-01,1.449349E+03,3.538828E+02,1.972747E-01,1.116053E+04,1.972747E-01,0.000000E+00,0.000000E+00,1.972747E-01,3.942594E+03,1.972747E-01,1.449349E+03,3.538828E+02,1.972747E-01,1.116053E+04,1.972747E-01,0.000000E+00,0.000000E+00
05:30:00,2.564823E-01,5.111529E+03,2.564823E-01,1.898686E+03,4.746049E+02,2.564823E-01,1.451011E+04,2.564823E-01,0.000000E+00,0.000000E+00,2.093593E+00,4.172398E+04,2.093593E+00,1.549844E+04,3.874067E+03,2.093593E+00,1.184420E+05,2.093593E+00,0.000000E+00,0.000000E+00,1.972747E-01,3.931559E+03,1.972747E-01,1.460384E+03,3.650448E+02,1.972747E-01,1.116053E+04,1.972747E-01,0.000000E+00,0.000000E+00,1.972747E-01,3.931559E+03,1.972747E-01,1.460384E+03,3.650448E+02,1.972747E-01,1.116053E+04,1.972747E-01,0.000000E+00,0.000000E+00
05:40:00,2.564823E-01,5.097182E+03,2.564823E-01,1.913033E+03,4.891172E+02,2.564823E-01,1.451011E+04,2.564823E-01,0.000000E+00,0.000000E+00,2.093593E+00,4.160687E+04,2.093593E+00,1.561555E+04,3.992527E+03,2.093593E+00,1.184420E+05,2.093593E+00,0.000000E+00,0.000000E+00,1.972747E-01,3.920524E+03,1.972747E-01,1.471419E+03,3.762071E+02,1.972747E-01,1.116053E+04,1.972747E-01,0.000000E+00,0.000000E+00,1.972747E-01,3.920524E+03,1.972747E-01,1.471419E+03,3.762071E+02,1.972747E-01,1.116053E+04,1.972747E-01,0.000000E+00,0.000000E+00
05:50:00,2.564823E-01,5.082835E+03,2.564823E-01,1.927379E+03,5.036294E+02,2.564823E-01,1.451011E+04,2.564823E-01,0.000000E+00,0.000000E+00,2.093593E+00,4.148976E+04,2.093593E+00,1.573266E+04,4.110986E+03,2.093593E+00,1.184420E+05,2.093593E+00,0.000000E+00,0.000000E+00,1.972747E-01,3.909489E+03,1.972747E-01,1.482454E+03,3.873692E+02,1.972747E-01,1.116053E+04,1.972747E-01,0.000000E+00,0.000000E+00,1.972747E-01,3.909489E+03,1.972747E-01,1.482454E+03,3.873692E+02,1.972747E-01,1.116053E+04,1.972747E-01,0.000000E+00,0.000000E+00
06:00:00,2.564823E-01,5.068488E+03,2.564823E-01,1.941726E+03,5.181458E+02,2.564823E-01,1.451011E+04,2.564823E-01,0.000000E+00,0.000000E+00,2.093593E+00,4.137265E+04,2.093593E+00,1.584977E+04,4.229479E+03,2.093593E+00,1.184420E+05,2.093593E+00,0.000000E+00,0.000000E+00,1.972747E-01,3.898454E+03,1.972747E-01,1.493489E+03,3.985346E+02,1.972747E-01,1.116053E+04,1.972747E-01,0.000000E+00,0.000000E+00,1.972747E-01,3.898454E+03,1.972747E-01,1.493489E+03,3.985346E+02,1.972747E-01,1.116053E+04,1.972747E-01,0.000000E+00,0.000000E+00
06:10:00,2.564823E-01,5.018274E+03,2.916514E-01,2.562487E+03,2.132550E+03,3.966524E-01,1.793059E+04,2.564823E-01,0.000000E+00,0.000000E+00,2.093593E+00,4.096277E+04,2.093593E+00,1.625965E+04,4.644087E+03,2.093593E+00,1.184420E+05,2.093593E+00,0.000000E+00,0.000000E+00,1.972747E-01,3.859832E+03,1.972747E-01,1.532111E+03,4.376021E+02,2.581243E-01,1.263874E+04,1.972747E-01,0.000000E+00,0.000000E+00,1.972747E-01,3.859832E+03,2.677773E-01,2.678233E+03,2.201017E+03,2.581756E-01,1.263999E+04,1.972747E-01,0.000000E+00,0.000000E+00
06:20:00,2.564823E-01,4.968060E+03,4.222697E-01,4.650290E+03,7.765144E+03,4.980354E-01,2.028677E+04,2.564823E-01,0.000000E+00,0.000000E+00,2.093593E+00,4.055288E+04,2.093593E+00,1.666954E+04,5.058729E+03,2.093593E+00,1.184420E+05,2.093593E+00,0.000000E+00,0.000000E+00,1.972747E-01,3.821209E+03,1.972747E-01,1.570734E+03,4.766730E+02,3.087296E-01,1.381479E+04,1.972747E-01,0.000000E+00,0.000000E+00,1.972747E-01,3.821209E+03,3.476152E-01,3.942459E+03,4.095166E+03,3.087843E-01,1.381610E+04,1.972747E-01,0.000000E+00,0.000000E+00
06:30:00,2.564823E-01,4.917846E+03,6.370883E-01,7.903038E+03,1.631055E+04,6.381553E-01,2.346065E+04,2.564823E-01,0.000000E+00,0.000000E+00,2.093593E+00,4.014300E+04,2.768253E+00,2.735584E+04,3.381973E+04,2.093593E+00,1.184420E+05,2.093593E+00,0.000000E+00,0.000000E+00,1.972747E-01,3.782587E+03,2.779392E-01,2.840049E+03,3.557623E+03,3.673351E-01,1.513156E+04,1.972747E-01,0.000000E+00,0.000000E+00,1.972747E-01,3.782587E+03,4.468366E-01,5.430592E+03,6.206173E+03,3.673911E-01,1.513287E+04,1.972747E-01,0.000000E+00,0.000000E+00
06:40:00,2.564823E-01,4.867632E+03,7.352571E-01,9.227904E+03,1.984624E+04,7.044166E-01,2.480689E+04,2.564823E-01,0.000000E+00,0.000000E+00,2.093593E+00,3.973311E+04,3.081402E+00,3.207356E+04,4.619899E+04,2.093593E+00,1.184420E+05,2.093593E+00,0.000000E+00,0.000000E+00,1.972747E-01,3.743964E+03,3.267149E-01,3.562311E+03,5.259184E+03,4.007830E-01,1.581822E+04,1.972747E-01,0.000000E+00,0.000000E+00,1.972747E-01,3.743964E+03,5.085949E-01,6.270165E+03,7.394297E+03,4.008412E-01,1.581955E+04,1.972747E-01,0.000000E+00,0.000000E+00
06:50:00,2.564823E-01,4.817418E+03,8.413894E-01,1.057621E+04,2.261634E+04,7.693155E-01,2.606090E+04,2.564823E-01,0.000000E+00,0.000000E+00,2.093593E+00,3.932323E+04,3.455019E+00,3.736617E+04,5.836359E+04,2.093593E+00,1.184420E+05,2.093593E+00,0.000000E+00,0.000000E+00,1.972747E-01,3.705342E+03,3.786425E-01,4.284409E+03,6.667837E+03,4.323971E-01,1.643271E+04,1.972747E-01,0.000000E+00,0.000000E+00,1.972747E-01,3.705342E+03,5.703173E-01,7.051967E+03,8.298719E+03,4.324570E-01,1.643405E+04,1.972747E-01,0.000000E+00,0.000000E+00
07:00:00,2.564823E-01,4.767204E+03,9.427381E-01,1.175936E+04,2.470443E+04,8.297793E-01,2.715685E+04,2.564823E-01,0.000000E+00,0.000000E+00,2.093593E+00,3.891335E+04,3.816476E+00,4.214287E+04,6.820949E+04,2.228545E+00,1.214380E+05,2.093593E+00,0.000000E+00,0.000000E+00,1.972747E-01,3.666720E+03,4.287614E-01,4.933107E+03,7.766344E+03,4.618490E-01,1.697037E+04,1.972747E-01,0.000000E+00,0.000000E+00,1.972747E-01,3.666720E+03,6.302950E-01,7.752233E+03,9.074936E+03,4.619105E-01,1.697172E+04,1.972747E-01,0.000000E+00,0.000000E+00
07:10:00,2.564823E-01,4.645255E+03,1.113675E+00,1.390145E+04,2.465996E+04,9.502978E-01,2.941897E+04,2.564823E-01,0.000000E+00,0.000000E+00,2.093593E+00,3.791792E+04,4.612561E+00,5.317860E+04,7.914915E+04,2.548529E+00,1.282595E+05,2.093593E+00,0.000000E+00,0.000000E+00,1.972747E-01,3.572922E+03,5.303633E-01,6.305537E+03,8.899973E+03,5.155150E-01,1.798392E+04,1.972747E-01,0.000000E+00,0.000000E+00,1.972747E-01,3.572922E+03,7.521102E-01,9.309748E+03,1.033084E+04,5.155781E-01,1.798527E+04,1.972747E-01,0.000000E+00,0.000000E+00
07:20:00,2.564823E-01,4.523307E+03,1.028590E+00,1.254109E+04,2.045704E+04,8.794647E-01,2.762157E+04,2.564823E-01,0.000000E+00,0.000000E+00,2.093593E+00,3.692248E+04,4.175831E+00,4.740946E+04,6.245892E+04,2.279432E+00,1.223732E+05,2.093593E+00,0.000000E+00,0.000000E+00,1.972747E-01,3.479125E+03,5.218398E-01,6.143627E+03,7.975403E+03,4.968320E-01,1.744807E+04,1.972747E-01,0.000000E+00,0.000000E+00,1.972747E-01,3.479125E+03,7.546624E-01,9.188190E+03,9.865932E+03,4.968972E-01,1.744944E+04,1.972747E-01,0.000000E+00,0.000000E+00
07:30:00,2.564823E-01,4.401358E+03,1.207022E+00,1.454502E+04,2.263940E+04,9.368110E-01,2.851168E+04,2.564823E-01,0.000000E+00,0.000000E+00,2.093593E+00,3.592705E+04,4.801419E+00,5.529241E+04,7.299914E+04,2.296827E+00,1.226394E+05,2.093593E+00,0.000000E+00,0.000000E+00,1.972747E-01,3.385328E+03,6.045417E-01,7.126179E+03,8.999344E+03,5.300357E-01,1.799004E+04,1.972747E-01,0.000000E+00,0.000000E+00,1.972747E-01,3.385328E+03,8.529028E-01,1.025923E+04,1.090009E+04,5.301035E-01,1.799143E+04,1.972747E-01,0.000000E+00,0.000000E+00
07:40:00,2.564823E-01,4.279410E+03,1.388176E+00,1.641739E+04,2.342353E+04,1.027007E+00,3.000894E+04,2.564823E-01,0.000000E+00,0.000000E+00,2.093593E+00,3.493162E+04,5.522457E+00,6.375269E+04,8.059414E+04,2.689476E+00,1.304713E+05,2.093593E+00,0.000000E+00,0.000000E+00,1.972747E-01,3.291530E+03,6.944982E-01,8.120397E+03,9.577502E+03,5.720759E-01,1.867826E+04,1.972747E-01,0.000000E+00,0.000000E+00,1.972747E-01,3.291530E+03,9.511208E-01,1.123901E+04,1.167720E+04,5.721453E-01,1.867966E+04,1.972747E-01,0.000000E+00,0.000000E+00
07:50:00,2.564823E-01,4.157461E+03,1.555990E+00,1.796495E+04,2.402900E+04,1.110678E+00,3.129415E+04,2.564823E-01,0.000000E+00,0.000000E+00,2.093593E+00,3.393619E+04,6.188685E+00,7.090052E+04,8.613378E+04,2.927609E+00,1.348903E+05,2.093593E+00,0.000000E+00,0.000000E+00,1.972747E-01,3.197733E+03,7.779669E-01,8.955042E+03,1.008795E+04,6.116353E-01,1.927876E+04,1.972747E-01,0.000000E+00,0.000000E+00,1.972747E-01,3.197733E+03,1.044601E+00,1.207207E+04,1.243476E+04,6.117064E-01,1.928016E+04,1.972747E-01,0.000000E+00,0.000000E+00
08:00:00,2.564823E-01,4.035513E+03,1.719427E+00,1.930797E+04,2.477263E+04,1.190720E+00,3.243183E+04,2.564823E-01,0.000000E+00,0.000000E+00,2.093593E+00,3.294076E+04,6.849438E+00,7.736944E+04,9.139024E+04,3.180681E+00,1.393752E+05,2.093593E+00,0.000000E+00,0.000000E+00,1.972747E-01,3.103936E+03,8.597036E-01,9.692870E+03,1.065998E+04,6.495989E-01,1.981191E+04,1.972747E-01,0.000000E+00,0.000000E+00,1.972747E-01,3.103936E+03,1.136046E+00,1.279540E+04,1.319294E+04,6.496717E-01,1.981330E+04,1.972747E-01,0.000000E+00,0.000000E+00
08:10:00,2.564823E-01,3.899217E+03,1.523924E+00,1.722894E+04,2.078316E+04,1.015632E+00,2.892082E+04,2.564823E-01,0.000000E+00,0.000000E+00,2.093593E+00,3.182822E+04,6.062282E+00,6.959996E+04,7.565593E+04,2.534777E+00,1.268011E+05,2.093593E+00,0.000000E+00,0.000000E+00,1.972747E-01,2.999103E+03,7.815790E-01,8.901656E+03,9.348838E+03,5.764512E-01,1.835820E+04,1.972747E-01,0.000000E+00,0.000000E+00,1.972747E-01,2.999103E+03,1.052722E+00,1.192395E+04,1.215066E+04,5.765223E-01,1.835954E+04,1.972747E-01,0.000000E+00,0.000000E+00
08:20:00,2.564823E-01,3.762922E+03,1.735519E+00,1.972238E+04,2.391004E+04,1.116574E+00,3.083705E+04,2.564823E-01,0.000000E+00,0.000000E+00,2.093593E+00,3.071568E+04,7.107272E+00,8.235281E+04,9.218409E+04,2.973300E+00,1.351099E+05,2.093593E+00,0.000000E+00,0.000000E+00,1.972747E-01,2.894271E+03,8.582340E-01,9.860482E+03,1.045821E+04,6.077281E-01,1.895193E+04,1.972747E-01,0.000000E+00,0.000000E+00,1.972747E-01,2.894271E+03,1.119912E+00,1.277741E+04,1.310402E+04,6.077969E-01,1.895323E+04,1.972747E-01,0.000000E+00,0.000000E+00
08:30:00,2.564823E-01,3.626626E+03,1.595939E+00,1.830399E+04,2.166564E+04,1.046436E+00,2.950562E+04,2.564823E-01,0.000000E+00,0.000000E+00,2.093593E+00,2.960313E+04,6.635052E+00,7.820464E+04,8.471500E+04,2.815947E+00,1.321539E+05,2.093593E+00,0.000000E+00,0.000000E+00,1.972747E-01,2.789439E+03,8.085822E-01,9.412483E+03,9.806518E+03,5.771408E-01,1.837130E+04,1.972747E-01,0.000000E+00,0.000000E+00,1.972747E-01,2.789439E+03,1.071376E+00,1.234169E+04,1.258931E+04,5.772088E-01,1.837259E+04,1.972747E-01,0.000000E+00,0.000000E+00
08:40:00,2.564823E-01,3.490331E+03,1.568010E+00,1.813106E+04,2.124579E+04,1.013829E+00,2.888662E+04,2.564823E-01,0.000000E+00,0.000000E+00,2.093593E+00,2.849059E+04,6.619187E+00,7.914727E+04,8.490253E+04,2.654860E+00,1.290961E+05,2.093593E+00,0.000000E+00,0.000000E+00,1.972747E-01,2.684606E+03,8.001236E-01,9.423802E+03,9.761258E+03,5.612281E-01,1.806922E+04,1.972747E-01,0.000000E+00,0.000000E+00,1.972747E-01,2.684606E+03,1.060405E+00,1.232460E+04,1.255516E+04,5.612955E-01,1.807050E+04,1.972747E-01,0.000000E+00,0.000000E+00
08:50:00,2.564823E-01,3.354035E+03,1.543892E+00,1.799966E+04,2.072184E+04,9.861294E-01,2.836071E+04,2.564823E-01,0.000000E+00,0.000000E+00,2.093593E+00,2.737805E+04,6.599963E+00,8.004930E+04,8.426098E+04,2.616486E+00,1.283676E+05,2.093593E+00,0.000000E+00,0.000000E+00,1.972747E-01,2.579774E+03,7.958949E-01,9.481897E+03,9.731658E+03,5.482148E-01,1.782217E+04,1.972747E-01,0.000000E+00,0.000000E+00,1.972747E-01,2.579774E+03,1.055043E+00,1.236985E+04,1.258830E+04,5.482818E-01,1.782345E+04,1.972747E-01,0.000000E+00,0.000000E+00
09:00:00,2.564823E-01,3.217740E+03,1.527539E+00,1.795448E+04,2.038674E+04,9.638929E-01,2.793851E+04,2.564823E-01,0.000000E+00,0.000000E+00,2.093593E+00,2.626551E+04,6.600350E+00,8.116912E+04,8.420531E+04,2.565022E+00,1.273907E+05,2.093593E+00,0.000000E+00,0.000000E+00,1.972747E-01,2.474942E+03,7.965471E-01,9.594251E+03,9.785381E+03,5.377293E-01,1.762311E+04,1.972747E-01,0.000000E+00,0.000000E+00,1.972747E-01,2.474942E+03,1.054772E+00,1.247177E+04,1.268470E+04,5.377960E-01,1.762438E+04,1.972747E-01,0.000000E+00,0.000000E+00
09:10:00,2.564823E-01,3.095792E+03,1.517214E+00,1.796136E+04,2.026547E+04,9.456379E-01,2.759192E+04,2.564823E-01,0.000000E+00,0.000000E+00,2.093593E+00,2.527008E+04,6.616045E+00,8.233935E+04,8.490989E+04,2.520758E+00,1.265505E+05,2.093593E+00,0.000000E+00,0.000000E+00,1.972747E-01,2.381144E+03,8.017976E-01,9.746527E+03,9.920574E+03,5.291062E-01,1.745941E+04,1.972747E-01,0.000000E+00,0.000000E+00,1.972747E-01,2.381144E+03,1.059279E+00,1.261572E+04,1.282937E+04,5.291727E-01,1.746067E+04,1.972747E-01,0.000000E+00,0.000000E+00
09:20:00,2.564823E-01,2.973843E+03,1.510909E+00,1.801302E+04,2.015845E+04,9.303563E-01,2.730179E+04,2.564823E-01,0.000000E+00,0.000000E+00,2.093593E+00,2.427465E+04,6.640676E+00,8.360907E+04,8.550562E+04,2.482429E+00,1.258229E+05,2.093593E+00,0.000000E+00,0.000000E+00,1.972747E-01,2.287347E+03,8.108993E-01,9.941706E+03,1.009154E+04,5.218896E-01,1.732241E+04,1.972747E-01,0.000000E+00,0.000000E+00,1.972747E-01,2.287347E+03,1.067823E+00,1.280464E+04,1.301984E+04,5.219559E-01,1.732367E+04,1.972747E-01,0.000000E+00,0.000000E+00
09:30:00,2.564823E-01,2.851894E+03,1.507562E+00,1.809768E+04,2.013055E+04,9.173396E-01,2.705466E+04,2.564823E-01,0.000000E+00,0.000000E+00,2.093593E+00,2.327922E+04,6.671969E+00,8.495320E+04,8.637412E+04,2.448756E+00,1.251837E+05,2.093593E+00,0.000000E+00,0.000000E+00,1.972747E-01,2.193550E+03,8.234220E-01,1.017502E+04,1.031343E+04,5.157540E-01,1.720593E+04,1.972747E-01,0.000000E+00,0.000000E+00,1.972747E-01,2.193550E+03,1.079932E+00,1.303332E+04,1.325293E+04,5.158201E-01,1.720719E+04,1.972747E-01,0.000000E+00,0.000000E+00
09:40:00,2.564823E-01,2.729946E+03,1.506828E+00,1.821177E+04,2.016615E+04,9.060525E-01,2.684038E+04,2.564823E-01,0.000000E+00,0.000000E+00,2.093593E+00,2.228378E+04,6.710141E+00,8.637543E+04,8.747090E+04,2.418719E+00,1.246135E+05,2.093593E+00,0.000000E+00,0.000000E+00,1.972747E-01,2.099752E+03,8.389413E-01,1.044184E+04,1.057783E+04,5.104446E-01,1.710514E+04,1.972747E-01,0.000000E+00,0.000000E+00,1.972747E-01,2.099752E+03,1.095122E+00,1.329645E+04,1.352267E+04,5.105106E-01,1.710640E+04,1.972747E-01,0.000000E+00,0.000000E+00
09:50:00,2.564823E-01,2.607997E+03,1.507881E+00,1.834578E+04,2.024536E+04,8.961242E-01,2.665190E+04,2.564823E-01,0.000000E+00,0.000000E+00,2.093593E+00,2.128835E+04,6.752368E+00,8.784295E+04,8.871824E+04,2.391626E+00,1.240992E+05,2.093593E+00,0.000000E+00,0.000000E+00,1.972747E-01,2.005955E+03,8.569078E-01,1.073595E+04,1.087531E+04,5.057930E-01,1.701684E+04,1.972747E-01,0.000000E+00,0.000000E+00,1.972747E-01,2.005955E+03,1.112835E+00,1.358772E+04,1.382197E+04,5.058589E-01,1.701809E+04,1.972747E-01,0.000000E+00,0.000000E+00
10:00:00,2.564823E-01,2.486049E+03,1.510551E+00,1.849766E+04,2.036004E+04,8.872780E-01,2.648396E+04,2.564823E-01,0.000000E+00,0.000000E+00,2.093593E+00,2.029292E+04,6.798785E+00,8.935644E+04,9.009065E+04,2.366940E+00,1.236307E+05,2.093593E+00,0.000000E+00,0.000000E+00,1.972747E-01,1.912157E+03,8.769804E-01,1.105348E+04,1.120005E+04,5.016664E-01,1.693851E+04,1.972747E-01,0.000000E+00,0.000000E+00,1.972747E-01,1.912157E+03,1.132698E+00,1.390291E+04,1.414616E+04,5.017322E-01,1.693976E+04,1.972747E-01,0.000000E+00,0.000000E+00
10:10:00,2.564823E-01,2.378447E+03,1.514319E+00,1.864729E+04,2.048453E+04,8.793000E-01,2.633251E+04,2.564823E-01,0.000000E+00,0.000000E+00,2.093593E+00,1.941460E+04,6.847477E+00,9.077757E+04,9.142411E+04,2.344234E+00,1.231996E+05,2.093593E+00,0.000000E+00,0.000000E+00,1.972747E-01,1.829395E+03,8.984704E-01,1.137571E+04,1.153120E+04,4.979619E-01,1.686819E+04,1.972747E-01,0.000000E+00,0.000000E+00,1.972747E-01,1.829395E+03,1.153999E+00,1.422303E+04,1.447534E+04,4.980276E-01,1.686944E+04,1.972747E-01,0.000000E+00,0.000000E+00
10:20:00,2.564823E-01,2.270846E+03,1.518875E+00,1.880569E+04,2.062651E+04,8.720464E-01,2.619481E+04,2.564823E-01,0.000000E+00,0.000000E+00,2.093593E+00,1.853628E+04,6.897321E+00,9.221144E+04,9.280939E+04,2.323243E+00,1.228012E+05,2.093593E+00,0.000000E+00,0.000000E+00,1.972747E-01,1.746633E+03,9.211965E-01,1.171170E+04,1.187741E+04,4.946079E-01,1.680452E+04,1.972747E-01,0.000000E+00,0.000000E+00,1.972747E-01,1.746633E+03,1.176551E+00,1.455708E+04,1.481875E+04,4.946736E-01,1.680577E+04,1.972747E-01,0.000000E+00,0.000000E+00
10:30:00,2.564823E-01,2.163244E+03,1.524055E+00,1.897103E+04,2.078180E+04,8.653842E-01,2.606833E+04,2.564823E-01,0.000000E+00,0.000000E+00,2.093593E+00,1.765795E+04,6.947782E+00,9.365214E+04,9.422995E+04,2.303673E+00,1.224297E+05,2.093593E+00,0.000000E+00,0.000000E+00,1.972747E-01,1.663870E+03,9.449087E-01,1.205869E+04,1.223538E+04,4.915403E-01,1.674629E+04,1.972747E-01,0.000000E+00,0.000000E+00,1.972747E-01,1.663870E+03,1.200083E+00,1.490204E+04,1.517331E+04,4.916059E-01,1.674754E+04,1.972747E-01,0.000000E+00,0.000000E+00
10:40:00,2.564823E-01,2.055642E+03,1.529682E+00,1.914134E+04,2.094657E+04,8.592076E-01,2.595108E+04,2.564823E-01,0.000000E+00,0.000000E+00,2.093593E+00,1.677963E+04,6.998273E+00,9.509315E+04,9.567115E+04,2.285288E+00,1.220807E+05,2.093593E+00,0.000000E+00,0.000000E+00,1.972747E-01,1.581108E+03,9.693210E-01,1.241347E+04,1.260147E+04,4.887081E-01,1.669253E+04,1.972747E-01,0.000000E+00,0.000000E+00,1.972747E-01,1.581108E+03,1.224297E+00,1.525462E+04,1.553556E+04,4.887736E-01,1.669377E+04,1.972747E-01,0.000000E+00,0.000000E+00
10:50:00,2.564823E-01,1.948041E+03,1.535630E+00,1.931522E+04,2.111815E+04,8.534370E-01,2.584154E+04,2.564823E-01,0.000000E+00,0.000000E+00,2.093593E+00,1.590131E+04,7.048297E+00,9.652893E+04,9.712117E+04,2.267912E+00,1.217509E+05,2.093593E+00,0.000000E+00,0.000000E+00,1.972747E-01,1.498346E+03,9.941483E-01,1.277288E+04,1.297220E+04,4.860722E-01,1.664249E+04,1.972747E-01,0.000000E+00,0.000000E+00,1.972747E-01,1.498346E+03,1.248901E+00,1.561154E+04,1.590212E+04,4.861376E-01,1.664374E+04,1.972747E-01,0.000000E+00,0.000000E+00
11:00:00,2.564823E-01,1.840439E+03,1.541808E+00,1.949168E+04,2.129459E+04,8.480103E-01,2.573852E+04,2.564823E-01,0.000000E+00,0.000000E+00,2.093593E+00,1.502299E+04,7.097421E+00,9.795467E+04,9.857032E+04,2.251407E+00,1.214376E+05,2.093593E+00,0.000000E+00,0.000000E+00,1.972747E-01,1.415583E+03,1.019121E+00,1.313391E+04,1.334439E+04,4.836020E-01,1.659560E+04,1.972747E-01,0.000000E+00,0.000000E+00,1.972747E-01,1.415583E+03,1.273618E+00,1.596971E+04,1.626983E+04,4.836674E-01,1.659685E+04,1.972747E-01,0.000000E+00,0.000000E+00
11:10:00,2.564823E-01,1.768705E+03,1.548293E+00,1.963567E+04,2.144188E+04,8.428784E-01,2.564111E+04,2.564823E-01,0.000000E+00,0.000000E+00,2.093593E+00,1.443744E+04,7.146179E+00,9.908353E+04,9.973753E+04,2.235666E+00,1.211388E+05,2.093593E+00,0.000000E+00,0.000000E+00,1.972747E-01,1.360408E+03,1.043974E+00,1.346601E+04,1.369064E+04,4.812735E-01,1.655140E+04,1.972747E-01,0.000000E+00,0.000000E+00,1.972747E-01,1.360408E+03,1.298172E+00,1.629849E+04,1.661060E+04,4.813388E-01,1.655264E+04,1.972747E-01,0.000000E+00,0.000000E+00
11:20:00,2.564823E-01,1.696970E+03,1.554701E+00,1.977865E+04,2.159021E+04,8.379825E-01,2.554817E+04,2.564823E-01,0.000000E+00,0.000000E+00,2.093593E+00,1.385189E+04,7.192966E+00,1.001897E+05,1.008927E+05,2.220527E+00,1.208514E+05,2.093593E+00,0.000000E+00,0.000000E+00,1.972747E-01,1.305233E+03,1.068355E+00,1.379276E+04,1.403384E+04,4.790595E-01,1.650938E+04,1.972747E-01,0.000000E+00,0.000000E+00,1.972747E-01,1.305233E+03,1.322217E+00,1.662148E+04,1.694735E+04,4.791247E-01,1.651062E+04,1.972747E-01,0.000000E+00,0.000000E+00
11:30:00,2.564823E-01,1.625236E+03,1.561175E+00,1.992234E+04,2.173642E+04,8.332979E-01,2.545924E+04,2.564823E-01,0.000000E+00,0.000000E+00,2.093593E+00,1.326634E+04,7.238620E+00,1.012832E+05,1.020153E+05,2.205948E+00,1.205747E+05,2.093593E+00,0.000000E+00,0.000000E+00,1.972747E-01,1.250059E+03,1.092096E+00,1.411236E+04,1.436265E+04,4.769468E-01,1.646928E+04,1.972747E-01,0.000000E+00,0.000000E+00,1.972747E-01,1.250059E+03,1.345574E+00,1.693677E+04,1.727076E+04,4.770121E-01,1.647051E+04,1.972747E-01,0.000000E+00,0.000000E+00
11:40:00,2.564823E-01,1.553501E+03,1.567579E+00,2.006525E+04,2.188233E+04,8.288066E-01,2.537399E+04,2.564823E-01,0.000000E+00,0.000000E+00,2.093593E+00,1.268080E+04,7.282526E+00,1.023571E+05,1.031198E+05,2.191899E+00,1.203080E+05,2.093593E+00,0.000000E+00,0.000000E+00,1.972747E-01,1.194884E+03,1.114967E+00,1.442226E+04,1.468133E+04,4.749261E-01,1.643092E+04,1.972747E-01,0.000000E+00,0.000000E+00,1.972747E-01,1.194884E+03,1.368015E+00,1.724186E+04,1.758368E+04,4.749913E-01,1.643215E+04,1.972747E-01,0.000000E+00,0.000000E+00
11:50:00,2.564823E-01,1.481767E+03,1.573863E+00,2.020682E+04,2.202720E+04,8.244910E-01,2.529207E+04,2.564823E-01,0.000000E+00,0.000000E+00,2.093593E+00,1.209525E+04,7.324464E+00,1.034091E+05,1.042027E+05,2.178340E+00,1.200506E+05,2.093593E+00,0.000000E+00,0.000000E+00,1.972747E-01,1.139709E+03,1.136034E+00,1.471207E+04,1.497835E+04,4.729882E-01,1.639413E+04,1.972747E-01,0.000000E+00,0.000000E+00,1.972747E-01,1.139709E+03,1.388597E+00,1.752623E+04,1.787460E+04,4.730533E-01,1.639537E+04,1.972747E-01,0.000000E+00,0.000000E+00
12:00:00,2.564823E-01,1.410033E+03,1.579958E+00,2.034628E+04,2.217006E+04,8.203362E-01,2.521320E+04,2.564823E-01,0.000000E+00,0.000000E+00,2.093593E+00,1.150970E+04,7.364153E+00,1.044361E+05,1.052601E+05,2.165238E+00,1.198019E+05,2.093593E+00,0.000000E+00,0.000000E+00,1.972747E-01,1.084534E+03,1.155602E+00,1.498515E+04,1.525881E+04,4.711256E-01,1.635878E+04,1.972747E-01,0.000000E+00,0.000000E+00,1.972747E-01,1.084534E+03,1.407632E+00,1.779336E+04,1.814859E+04,4.711907E-01,1.636001E+04,1.972747E-01,0.000000E+00,0.000000E+00
12:10:00,2.564823E-01,1.352645E+03,1.585454E+00,2.046490E+04,2.228944E+04,8.163294E-01,2.513714E+04,2.564823E-01,0.000000E+00,0.000000E+00,2.093593E+00,1.104126E+04,7.399742E+00,1.053010E+05,1.061405E+05,2.152563E+00,1.195613E+05,2.093593E+00,0.000000E+00,0.000000E+00,1.972747E-01,1.040394E+03,1.173587E+00,1.522968E+04,1.550719E+04,4.693321E-01,1.632473E+04,1.972747E-01,0.000000E+00,0.000000E+00,1.972747E-01,1.040394E+03,1.425047E+00,1.803152E+04,1.839061E+04,4.693971E-01,1.632597E+04,1.972747E-01,0.000000E+00,0.000000E+00
12:20:00,2.564823E-01,1.295257E+03,1.591222E+00,2.058680E+04,2.241911E+04,8.124601E-01,2.506369E+04,2.564823E-01,0.000000E+00,0.000000E+00,2.093593E+00,1.057282E+04,7.435325E+00,1.061670E+05,1.070568E+05,2.140288E+00,1.193283E+05,2.093593E+00,0.000000E+00,0.000000E+00,1.972747E-01,9.962540E+02,1.190265E+00,1.545981E+04,1.574898E+04,4.676025E-01,1.629190E+04,1.972747E-01,0.000000E+00,0.000000E+00,1.972747E-01,9.962540E+02,1.441114E+00,1.825487E+04,1.862368E+04,4.676675E-01,1.629313E+04,1.972747E-01,0.000000E+00,0.000000E+00
12:30:00,2.564823E-01,1.237870E+03,1.596281E+00,2.070058E+04,2.254192E+04,8.087192E-01,2.499268E+04,2.564823E-01,0.000000E+00,0.000000E+00,2.093593E+00,1.010438E+04,7.466438E+00,1.069823E+05,1.079294E+05,2.128392E+00,1.191025E+05,2.093593E+00,0.000000E+00,0.000000E+00,1.972747E-01,9.521141E+02,1.205269E+00,1.567116E+04,1.597471E+04,4.659330E-01,1.626021E+04,1.972747E-01,0.000000E+00,0.000000E+00,1.972747E-01,9.521141E+02,1.455494E+00,1.845929E+04,1.883969E+04,4.659979E-01,1.626144E+04,1.972747E-01,0.000000E+00,0.000000E+00
12:40:00,2.564823E-01,1.180482E+03,1.601109E+00,2.081177E+04,2.265467E+04,8.050991E-01,2.492396E+04,2.564823E-01,0.000000E+00,0.000000E+00,2.093593E+00,9.635947E+03,7.495364E+00,1.077730E+05,1.087362E+05,2.116857E+00,1.188836E+05,2.093593E+00,0.000000E+00,0.000000E+00,1.972747E-01,9.079742E+02,1.218695E+00,1.586491E+04,1.617024E+04,4.643204E-01,1.622960E+04,1.972747E-01,0.000000E+00,0.000000E+00,1.972747E-01,9.079742E+02,1.468278E+00,1.864589E+04,1.902815E+04,4.643853E-01,1.623083E+04,1.972747E-01,0.000000E+00,0.000000E+00
12:50:00,2.564823E-01,1.123095E+03,1.605526E+00,2.091837E+04,2.276132E+04,8.015930E-01,2.485741E+04,2.564823E-01,0.000000E+00,0.000000E+00,2.093593E+00,9.167508E+03,7.521359E+00,1.085311E+05,1.095021E+05,2.105665E+00,1.186711E+05,2.093593E+00,0.000000E+00,0.000000E+00,1.972747E-01,8.638342E+02,1.231200E+00,1.604840E+04,1.635483E+04,4.627618E-01,1.620001E+04,1.972747E-01,0.000000E+00,0.000000E+00,1.972747E-01,8.638342E+02,1.480148E+00,1.882230E+04,1.920622E+04,4.628268E-01,1.620125E+04,1.972747E-01,0.000000E+00,0.000000E+00
13:00:00,2.564823E-01,1.065707E+03,1.609514E+00,2.102020E+04,2.286317E+04,7.981951E-01,2.479291E+04,2.564823E-01,0.000000E+00,0.000000E+00,2.093593E+00,8.699070E+03,7.544430E+00,1.092566E+05,1.102351E+05,2.094803E+00,1.184649E+05,2.093593E+00,0.000000E+00,0.000000E+00,1.972747E-01,8.196943E+02,1.242271E+00,1.621590E+04,1.652421E+04,4.612546E-01,1.617140E+04,1.972747E-01,0.000000E+00,0.000000E+00,1.972747E-01,8.196943E+02,1.490588E+00,1.898277E+04,1.936910E+04,4.613195E-01,1.617264E+04,1.972747E-01,0.000000E+00,0.000000E+00
13:10:00,2.564823E-01,1.029840E+03,1.613236E+00,2.109736E+04,2.294073E+04,7.949003E-01,2.473037E+04,2.564823E-01,0.000000E+00,0.000000E+00,2.093593E+00,8.406296E+03,7.565362E+00,1.097819E+05,1.107683E+05,2.093593E+00,1.184420E+05,2.093593E+00,0.000000E+00,0.000000E+00,1.972747E-01,7.921068E+02,1.251784E+00,1.634938E+04,1.666013E+04,4.597961E-01,1.614372E+04,1.972747E-01,0.000000E+00,0.000000E+00,1.972747E-01,7.921068E+02,1.499479E+00,1.910929E+04,1.949835E+04,4.598610E-01,1.614495E+04,1.972747E-01,0.000000E+00,0.000000E+00
13:20:00,2.564823E-01,9.939728E+02,1.616053E+00,2.116436E+04,2.300731E+04,7.917041E-01,2.466970E+04,2.564823E-01,0.000000E+00,0.000000E+00,2.093593E+00,8.113522E+03,7.581259E+00,1.102506E+05,1.112412E+05,2.093593E+00,1.184420E+05,2.093593E+00,0.000000E+00,0.000000E+00,1.972747E-01,7.645194E+02,1.259434E+00,1.646203E+04,1.677525E+04,4.583839E-01,1.611691E+04,1.972747E-01,0.000000E+00,0.000000E+00,1.972747E-01,7.645194E+02,1.506517E+00,1.921509E+04,1.960677E+04,4.584488E-01,1.611814E+04,1.972747E-01,0.000000E+00,0.000000E+00
13:30:00,2.564823E-01,9.581056E+02,1.618674E+00,2.122940E+04,2.307269E+04,7.886023E-01,2.461082E+04,2.564823E-01,0.000000E+00,0.000000E+00,2.093593E+00,7.820748E+03,7.595401E+00,1.107008E+05,1.116981E+05,2.093593E+00,1.184420E+05,2.093593E+00,0.000000E+00,0.000000E+00,1.972747E-01,7.369319E+02,1.265404E+00,1.655611E+04,1.687169E+04,4.570152E-01,1.609093E+04,1.972747E-01,0.000000E+00,0.000000E+00,1.972747E-01,7.369319E+02,1.511874E+00,1.930233E+04,1.969641E+04,4.570801E-01,1.609216E+04,1.972747E-01,0.000000E+00,0.000000E+00
13:40:00,2.564823E-01,9.222384E+02,1.620638E+00,2.128715E+04,2.313035E+04,7.855911E-01,2.455366E+04,2.564823E-01,0.000000E+00,0.000000E+00,2.093593E+00,7.527974E+03,7.605670E+00,1.111080E+05,1.121094E+05,2.093593E+00,1.184420E+05,2.093593E+00,0.000000E+00,0.000000E+00,1.972747E-01,7.093445E+02,1.269522E+00,1.662959E+04,1.694696E+04,4.556875E-01,1.606573E+04,1.972747E-01,0.000000E+00,0.000000E+00,1.972747E-01,7.093445E+02,1.515390E+00,1.936908E+04,1.976501E+04,4.557523E-01,1.606696E+04,1.972747E-01,0.000000E+00,0.000000E+00
13:50:00,2.564823E-01,8.863712E+02,1.622066E+00,2.133893E+04,2.318182E+04,7.826672E-01,2.449816E+04,2.564823E-01,0.000000E+00,0.000000E+00,2.093593E+00,7.235200E+03,7.612597E+00,1.114780E+05,1.124815E+05,2.093593E+00,1.184420E+05,2.093593E+00,0.000000E+00,0.000000E+00,1.972747E-01,6.817570E+02,1.271812E+00,1.668270E+04,1.700120E+04,4.543986E-01,1.604126E+04,1.972747E-01,0.000000E+00,0.000000E+00,1.972747E-01,6.817570E+02,1.517082E+00,1.941553E+04,1.981273E+04,4.544634E-01,1.604249E+04,1.972747E-01,0.000000E+00,0.000000E+00
14:00:00,2.564823E-01,8.505040E+02,1.622925E+00,2.138437E+04,2.322669E+04,7.798274E-01,2.444426E+04,2.564823E-01,0.000000E+00,0.000000E+00,2.093593E+00,6.942426E+03,7.616068E+00,1.118094E+05,1.128129E+05,2.093593E+00,1.184420E+05,2.093593E+00,0.000000E+00,0.000000E+00,1.972747E-01,6.541696E+02,1.273020E+00,1.672375E+04,1.704367E+04,4.531468E-01,1.601750E+04,1.972747E-01,0.000000E+00,0.000000E+00,1.972747E-01,6.541696E+02,1.517704E+00,1.945006E+04,1.984875E+04,4.532115E-01,1.601873E+04,1.972747E-01,0.000000E+00,0.000000E+00
14:10:00,2.564823E-01,8.505040E+02,1.623182E+00,2.138725E+04,2.322803E+04,7.770687E-01,2.439189E+04,2.564823E-01,0.000000E+00,0.000000E+00,2.093593E+00,6.942426E+03,7.616011E+00,1.118088E+05,1.128052E+05,2.093593E+00,1.184420E+05,2.093593E+00,0.000000E+00,0.000000E+00,1.972747E-01,6.541696E+02,1.272573E+00,1.671878E+04,1.703815E+04,4.519306E-01,1.599442E+04,1.972747E-01,0.000000E+00,0.000000E+00,1.972747E-01,6.541696E+02,1.516679E+00,1.943865E+04,1.983694E+04,4.519953E-01,1.599565E+04,1.972747E-01,0.000000E+00,0.000000E+00
14:20:00,2.564823E-01,8.505040E+02,1.622819E+00,2.138321E+04,2.322211E+04,7.743883E-01,2.434101E+04,2.564823E-01,0.000000E+00,0.000000E+00,2.093593E+00,6.942426E+03,7.612348E+00,1.117680E+05,1.127547E+05,2.093593E+00,1.184420E+05,2.093593E+00,0.000000E+00,0.000000E+00,1.972747E-01,6.541696E+02,1.270309E+00,1.669356E+04,1.701133E+04,4.507489E-01,1.597198E+04,1.972747E-01,0.000000E+00,0.000000E+00,1.972747E-01,6.541696E+02,1.513841E+00,1.940703E+04,1.980401E+04,4.508136E-01,1.597321E+04,1.972747E-01,0.000000E+00,0.000000E+00
14:30:00,2.564823E-01,8.505040E+02,1.621818E+00,2.137205E+04,2.320872E+04,7.717837E-01,2.429157E+04,2.564823E-01,0.000000E+00,0.000000E+00,2.093593E+00,6.942426E+03,7.604988E+00,1.116861E+05,1.126604E+05,2.093593E+00,1.184420E+05,2.093593E+00,0.000000E+00,0.000000E+00,1.972747E-01,6.541696E+02,1.266184E+00,1.664760E+04,1.696344E+04,4.496004E-01,1.595019E+04,1.972747E-01,0.000000E+00,0.000000E+00,1.972747E-01,6.541696E+02,1.509146E+00,1.935473E+04,1.975024E+04,4.496652E-01,1.595141E+04,1.972747E-01,0.000000E+00,0.000000E+00
14:40:00,2.564823E-01,8.505040E+02,1.620163E+00,2.135362E+04,2.318769E+04,7.692523E-01,2.424352E+04,2.564823E-01,0.000000E+00,0.000000E+00,2.093593E+00,6.942426E+03,7.593859E+00,1.115621E+05,1.125213E+05,2.093593E+00,1.184420E+05,2.093593E+00,0.000000E+00,0.000000E+00,1.972747E-01,6.541696E+02,1.260180E+00,1.658072E+04,1.689449E+04,4.484843E-01,1.592900E+04,1.972747E-01,0.000000E+00,0.000000E+00,1.972747E-01,6.541696E+02,1.502578E+00,1.928154E+04,1.967558E+04,4.485490E-01,1.593023E+04,1.972747E-01,0.000000E+00,0.000000E+00
14:50:00,2.564823E-01,8.505040E+02,1.617845E+00,2.132779E+04,2.315888E+04,7.667920E-01,2.419682E+04,2.564823E-01,0.000000E+00,0.000000E+00,2.093593E+00,6.942426E+03,7.578909E+00,1.113955E+05,1.123368E+05,2.093593E+00,1.184420E+05,2.093593E+00,0.000000E+00,0.000000E+00,1.972747E-01,6.541696E+02,1.252306E+00,1.649299E+04,1.680442E+04,4.473995E-01,1.590841E+04,1.972747E-01,0.000000E+00,0.000000E+00,1.972747E-01,6.541696E+02,1.494145E+00,1.918759E+04,1.957995E+04,4.474642E-01,1.590964E+04,1.972747E-01,0.000000E+00,0.000000E+00
15:00:00,2.564823E-01,8.505040E+02,1.614855E+00,2.129449E+04,2.312218E+04,7.644003E-01,2.415142E+04,2.564823E-01,0.000000E+00,0.000000E+00,2.093593E+00,6.942426E+03,7.560095E+00,1.111859E+05,1.121063E+05,2.093593E+00,1.184420E+05,2.093593E+00,0.000000E+00,0.000000E+00,1.972747E-01,6.541696E+02,1.241842E+00,1.637641E+04,1.668400E+04,4.463451E-01,1.588839E+04,1.972747E-01,0.000000E+00,0.000000E+00,1.972747E-01,6.541696E+02,1.483124E+00,1.906480E+04,1.945417E+04,4.464098E-01,1.588962E+04,1.972747E-01,0.000000E+00,0.000000E+00
15:10:00,2.564823E-01,8.935446E+02,1.611176E+00,2.121046E+04,2.303357E+04,7.620753E-01,2.410729E+04,2.564823E-01,0.000000E+00,0.000000E+00,2.093593E+00,7.293754E+03,7.538232E+00,1.105910E+05,1.114837E+05,2.093593E+00,1.184420E+05,2.093593E+00,0.000000E+00,0.000000E+00,1.972747E-01,6.872745E+02,1.229327E+00,1.620387E+04,1.650605E+04,4.453202E-01,1.586894E+04,1.972747E-01,0.000000E+00,0.000000E+00,1.972747E-01,6.872745E+02,1.470062E+00,1.888617E+04,1.927113E+04,4.453849E-01,1.587017E+04,1.972747E-01,0.000000E+00,0.000000E+00
15:20:00,2.564823E-01,9.365853E+02,1.606797E+00,2.111863E+04,2.293670E+04,7.598148E-01,2.406438E+04,2.564823E-01,0.000000E+00,0.000000E+00,2.093593E+00,7.645083E+03,7.511554E+00,1.099425E+05,1.108011E+05,2.093593E+00,1.184420E+05,2.093593E+00,0.000000E+00,0.000000E+00,1.972747E-01,7.203795E+02,1.214961E+00,1.601071E+04,1.630671E+04,4.443239E-01,1.585003E+04,1.972747E-01,0.000000E+00,0.000000E+00,1.972747E-01,7.203795E+02,1.455163E+00,1.868706E+04,1.906698E+04,4.443886E-01,1.585125E+04,1.972747E-01,0.000000E+00,0.000000E+00
15:30:00,2.564823E-01,9.796259E+02,1.601748E+00,2.101934E+04,2.283202E+04,7.576170E-01,2.402266E+04,2.564823E-01,0.000000E+00,0.000000E+00,2.093593E+00,7.996412E+03,7.479978E+00,1.092394E+05,1.100592E+05,2.093593E+00,1.184420E+05,2.093593E+00,0.000000E+00,0.000000E+00,1.972747E-01,7.534844E+02,1.198877E+00,1.579839E+04,1.608755E+04,4.433555E-01,1.583164E+04,1.972747E-01,0.000000E+00,0.000000E+00,1.972747E-01,7.534844E+02,1.438576E+00,1.846915E+04,1.884354E+04,4.434202E-01,1.583287E+04,1.972747E-01,0.000000E+00,0.000000E+00
15:40:00,2.564823E-01,1.022667E+03,1.596079E+00,2.091314E+04,2.272015E+04,7.554799E-01,2.398209E+04,2.564823E-01,0.000000E+00,0.000000E+00,2.093593E+00,8.347741E+03,7.443974E+00,1.084869E+05,1.092658E+05,2.093593E+00,1.184420E+05,2.093593E+00,0.000000E+00,0.000000E+00,1.972747E-01,7.865894E+02,1.181227E+00,1.556864E+04,1.585029E+04,4.424141E-01,1.581377E+04,1.972747E-01,0.000000E+00,0.000000E+00,1.972747E-01,7.865894E+02,1.420455E+00,1.823414E+04,1.860247E+04,4.424788E-01,1.581500E+04,1.972747E-01,0.000000E+00,0.000000E+00
15:50:00,2.564823E-01,1.065707E+03,1.589837E+00,2.080056E+04,2.260162E+04,7.534018E-01,2.394265E+04,2.564823E-01,0.000000E+00,0.000000E+00,2.093593E+00,8.699070E+03,7.403948E+00,1.076897E+05,1.084254E+05,2.093593E+00,1.184420E+05,2.093593E+00,0.000000E+00,0.000000E+00,1.972747E-01,8.196943E+02,1.162179E+00,1.532330E+04,1.559670E+04,4.414990E-01,1.579640E+04,1.972747E-01,0.000000E+00,0.000000E+00,1.972747E-01,8.196943E+02,1.400969E+00,1.798393E+04,1.834559E+04,4.415637E-01,1.579763E+04,1.972747E-01,0.000000E+00,0.000000E+00
16:00:00,2.564823E-01,1.108748E+03,1.583065E+00,2.068206E+04,2.247683E+04,7.513809E-01,2.390428E+04,2.564823E-01,0.000000E+00,0.000000E+00,2.093593E+00,9.050399E+03,7.360175E+00,1.068507E+05,1.075402E+05,2.093593E+00,1.184420E+05,2.093593E+00,0.000000E+00,0.000000E+00,1.972747E-01,8.527992E+02,1.141909E+00,1.506435E+04,1.532868E+04,4.406094E-01,1.577952E+04,1.972747E-01,0.000000E+00,0.000000E+00,1.972747E-01,8.527992E+02,1.380302E+00,1.772055E+04,1.807489E+04,4.406740E-01,1.578074E+04,1.972747E-01,0.000000E+00,0.000000E+00
16:10:00,2.564823E-01,1.166135E+03,1.575835E+00,2.054413E+04,2.233209E+04,7.494154E-01,2.386698E+04,2.564823E-01,0.000000E+00,0.000000E+00,2.093593E+00,9.518837E+03,7.311887E+00,1.058442E+05,1.064797E+05,2.093593E+00,1.184420E+05,2.093593E+00,0.000000E+00,0.000000E+00,1.972747E-01,8.969392E+02,1.120731E+00,1.478425E+04,1.503867E+04,4.397445E-01,1.576310E+04,1.972747E-01,0.000000E+00,0.000000E+00,1.972747E-01,8.969392E+02,1.358769E+00,1.743649E+04,1.778282E+04,4.398092E-01,1.576433E+04,1.972747E-01,0.000000E+00,0.000000E+00
16:20:00,2.564823E-01,1.223523E+03,1.568197E+00,2.040164E+04,2.218259E+04,7.475039E-01,2.383069E+04,2.564823E-01,0.000000E+00,0.000000E+00,2.093593E+00,9.987275E+03,7.261101E+00,1.048100E+05,1.053896E+05,2.093593E+00,1.184420E+05,2.093593E+00,0.000000E+00,0.000000E+00,1.972747E-01,9.410791E+02,1.098891E+00,1.449677E+04,1.474077E+04,4.389037E-01,1.574714E+04,1.972747E-01,0.000000E+00,0.000000E+00,1.972747E-01,9.410791E+02,1.336627E+00,1.714564E+04,1.748360E+04,4.389684E-01,1.574837E+04,1.972747E-01,0.000000E+00,0.000000E+00
16:30:00,2.564823E-01,1.280911E+03,1.560153E+00,2.025463E+04,2.202836E+04,7.456447E-01,2.379540E+04,2.564823E-01,0.000000E+00,0.000000E+00,2.093593E+00,1.045571E+04,7.208046E+00,1.037504E+05,1.042726E+05,2.093593E+00,1.184420E+05,2.093593E+00,0.000000E+00,0.000000E+00,1.972747E-01,9.852190E+02,1.076631E+00,1.420461E+04,1.443781E+04,4.380863E-01,1.573162E+04,1.972747E-01,0.000000E+00,0.000000E+00,1.972747E-01,9.852190E+02,1.314106E+00,1.685057E+04,1.717989E+04,4.381509E-01,1.573285E+04,1.972747E-01,0.000000E+00,0.000000E+00
16:40:00,2.564823E-01,1.338298E+03,1.551684E+00,2.010289E+04,2.186912E+04,7.438364E-01,2.376107E+04,2.564823E-01,0.000000E+00,0.000000E+00,2.093593E+00,1.092415E+04,7.152213E+00,1.026599E+05,1.031218E+05,2.093593E+00,1.184420E+05,2.093593E+00,0.000000E+00,0.000000E+00,1.972747E-01,1.029359E+03,1.053912E+00,1.390733E+04,1.412898E+04,4.372915E-01,1.571654E+04,1.972747E-01,0.000000E+00,0.000000E+00,1.972747E-01,1.029359E+03,1.291173E+00,1.655091E+04,1.687102E+04,4.373562E-01,1.571776E+04,1.972747E-01,0.000000E+00,0.000000E+00
16:50:00,2.564823E-01,1.395686E+03,1.542773E+00,1.994622E+04,2.170466E+04,7.420774E-01,2.372769E+04,2.564823E-01,0.000000E+00,0.000000E+00,2.093593E+00,1.139259E+04,7.093066E+00,1.015325E+05,1.019303E+05,2.093593E+00,1.184420E+05,2.093593E+00,0.000000E+00,0.000000E+00,1.972747E-01,1.073499E+03,1.031115E+00,1.360919E+04,1.381923E+04,4.365189E-01,1.570187E+04,1.972747E-01,0.000000E+00,0.000000E+00,1.972747E-01,1.073499E+03,1.268180E+00,1.625059E+04,1.656152E+04,4.365835E-01,1.570310E+04,1.972747E-01,0.000000E+00,0.000000E+00
17:00:00,2.564823E-01,1.453073E+03,1.533413E+00,1.978454E+04,2.153485E+04,7.403663E-01,2.369521E+04,2.564823E-01,0.000000E+00,0.000000E+00,2.093593E+00,1.186103E+04,7.030583E+00,1.003679E+05,1.006982E+05,2.093593E+00,1.184420E+05,2.093593E+00,0.000000E+00,0.000000E+00,1.972747E-01,1.117639E+03,1.008685E+00,1.331513E+04,1.351381E+04,4.357676E-01,1.568761E+04,1.972747E-01,0.000000E+00,0.000000E+00,1.972747E-01,1.117639E+03,1.245604E+00,1.595490E+04,1.625698E+04,4.358322E-01,1.568884E+04,1.972747E-01,0.000000E+00,0.000000E+00
17:10:00,2.564823E-01,1.524808E+03,1.523606E+00,1.960354E+04,2.134511E+04,7.387018E-01,2.366361E+04,2.564823E-01,0.000000E+00,0.000000E+00,2.093593E+00,1.244658E+04,6.965062E+00,9.905235E+04,9.931011E+04,2.093593E+00,1.184420E+05,2.093593E+00,0.000000E+00,0.000000E+00,1.972747E-01,1.172814E+03,9.869652E-01,1.301795E+04,1.320515E+04,4.350371E-01,1.567374E+04,1.972747E-01,0.000000E+00,0.000000E+00,1.972747E-01,1.172814E+03,1.223774E+00,1.565649E+04,1.594956E+04,4.351017E-01,1.567497E+04,1.972747E-01,0.000000E+00,0.000000E+00
17:20:00,2.564823E-01,1.596542E+03,1.513360E+00,1.941765E+04,2.115013E+04,7.370825E-01,2.363287E+04,2.564823E-01,0.000000E+00,0.000000E+00,2.093593E+00,1.303213E+04,6.896592E+00,9.770394E+04,9.788564E+04,2.093593E+00,1.184420E+05,2.093593E+00,0.000000E+00,0.000000E+00,1.972747E-01,1.227989E+03,9.663451E-01,1.273302E+04,1.290899E+04,4.343268E-01,1.566026E+04,1.972747E-01,0.000000E+00,0.000000E+00,1.972747E-01,1.227989E+03,1.203079E+00,1.537073E+04,1.565491E+04,4.343914E-01,1.566149E+04,1.972747E-01,0.000000E+00,0.000000E+00
17:30:00,2.564823E-01,1.668276E+03,1.502691E+00,1.922705E+04,2.095007E+04,7.355071E-01,2.360297E+04,2.564823E-01,0.000000E+00,0.000000E+00,2.093593E+00,1.361767E+04,6.825181E+00,9.632277E+04,9.642409E+04,2.093593E+00,1.184420E+05,2.093593E+00,0.000000E+00,0.000000E+00,1.972747E-01,1.283164E+03,9.471437E-01,1.246390E+04,1.262902E+04,4.336361E-01,1.564715E+04,1.972747E-01,0.000000E+00,0.000000E+00,1.972747E-01,1.283164E+03,1.183837E+00,1.510115E+04,1.537666E+04,4.337008E-01,1.564838E+04,1.972747E-01,0.000000E+00,0.000000E+00
17:40:00,2.564823E-01,1.740011E+03,1.491622E+00,1.903198E+04,2.074522E+04,7.339745E-01,2.357388E+04,2.564823E-01,0.000000E+00,0.000000E+00,2.093593E+00,1.420322E+04,6.751422E+00,9.491542E+04,9.493334E+04,2.093593E+00,1.184420E+05,2.093593E+00,0.000000E+00,0.000000E+00,1.972747E-01,1.338338E+03,9.296628E-01,1.221395E+04,1.236890E+04,4.329646E-01,1.563440E+04,1.972747E-01,0.000000E+00,0.000000E+00,1.972747E-01,1.338338E+03,1.166344E+00,1.485106E+04,1.511835E+04,4.330292E-01,1.563563E+04,1.972747E-01,0.000000E+00,0.000000E+00
17:50:00,2.564823E-01,1.811745E+03,1.480171E+00,1.883266E+04,2.053579E+04,7.324833E-01,2.354557E+04,2.564823E-01,0.000000E+00,0.000000E+00,2.093593E+00,1.478877E+04,6.676086E+00,9.349052E+04,9.342312E+04,2.093593E+00,1.184420E+05,2.093593E+00,0.000000E+00,0.000000E+00,1.972747E-01,1.393513E+03,9.136823E-01,1.198071E+04,1.212608E+04,4.323115E-01,1.562201E+04,1.972747E-01,0.000000E+00,0.000000E+00,1.972747E-01,1.393513E+03,1.150405E+00,1.461828E+04,1.487780E+04,4.323761E-01,1.562323E+04,1.972747E-01,0.000000E+00,0.000000E+00
18:00:00,2.564823E-01,1.883480E+03,1.468349E+00,1.862922E+04,2.032187E+04,7.310464E-01,2.351830E+04,2.564823E-01,0.000000E+00,0.000000E+00,2.093593E+00,1.537432E+04,6.599500E+00,9.205168E+04,9.189710E+04,2.093593E+00,1.184420E+05,2.093593E+00,0.000000E+00,0.000000E+00,1.972747E-01,1.448688E+03,8.988524E-01,1.176030E+04,1.189657E+04,4.316819E-01,1.561006E+04,1.972747E-01,0.000000E+00,0.000000E+00,1.972747E-01,1.448688E+03,1.135630E+00,1.439848E+04,1.465067E+04,4.317465E-01,1.561128E+04,1.972747E-01,0.000000E+00,0.000000E+00
18:10:00,2.564823E-01,1.991081E+03,1.456021E+00,1.838433E+04,2.006635E+04,7.296448E-01,2.349169E+04,2.564823E-01,0.000000E+00,0.000000E+00,2.093593E+00,1.625264E+04,6.520746E+00,9.029621E+04,9.005077E+04,2.093593E+00,1.184420E+05,2.093593E+00,0.000000E+00,0.000000E+00,1.972747E-01,1.531451E+03,8.847518E-01,1.152046E+04,1.164837E+04,4.310684E-01,1.559841E+04,1.972747E-01,0.000000E+00,0.000000E+00,1.972747E-01,1.531451E+03,1.121601E+00,1.415945E+04,1.440515E+04,4.311330E-01,1.559964E+04,1.972747E-01,0.000000E+00,0.000000E+00
18:20:00,2.564823E-01,2.098683E+03,1.443312E+00,1.813528E+04,1.980078E+04,7.282769E-01,2.346573E+04,2.564823E-01,0.000000E+00,0.000000E+00,2.093593E+00,1.713096E+04,6.440444E+00,8.852383E+04,8.815580E+04,2.093593E+00,1.184420E+05,2.093593E+00,0.000000E+00,0.000000E+00,1.972747E-01,1.614213E+03,8.710144E-01,1.128470E+04,1.140082E+04,4.304699E-01,1.558705E+04,1.972747E-01,0.000000E+00,0.000000E+00,1.972747E-01,1.614213E+03,1.107948E+00,1.392466E+04,1.416147E+04,4.305345E-01,1.558828E+04,1.972747E-01,0.000000E+00,0.000000E+00
18:30:00,2.564823E-01,2.206285E+03,1.430230E+00,1.788208E+04,1.953876E+04,7.269446E-01,2.344044E+04,2.564823E-01,0.000000E+00,0.000000E+00,2.093593E+00,1.800928E+04,6.358847E+00,8.673699E+04,8.628584E+04,2.093593E+00,1.184420E+05,2.093593E+00,0.000000E+00,0.000000E+00,1.972747E-01,1.696975E+03,8.572474E-01,1.104862E+04,1.115851E+04,4.298864E-01,1.557597E+04,1.972747E-01,0.000000E+00,0.000000E+00,1.972747E-01,1.696975E+03,1.094272E+00,1.368961E+04,1.392214E+04,4.299510E-01,1.557720E+04,1.972747E-01,0.000000E+00,0.000000E+00
18:40:00,2.564823E-01,2.313886E+03,1.416923E+00,1.762637E+04,1.926971E+04,7.256473E-01,2.341581E+04,2.564823E-01,0.000000E+00,0.000000E+00,2.093593E+00,1.888761E+04,6.276895E+00,8.494618E+04,8.438848E+04,2.093593E+00,1.184420E+05,2.093593E+00,0.000000E+00,0.000000E+00,1.972747E-01,1.779738E+03,8.433672E-01,1.081127E+04,1.091101E+04,4.293168E-01,1.556516E+04,1.972747E-01,0.000000E+00,0.000000E+00,1.972747E-01,1.779738E+03,1.080483E+00,1.345332E+04,1.367808E+04,4.293814E-01,1.556639E+04,1.972747E-01,0.000000E+00,0.000000E+00
18:50:00,2.564823E-01,2.421488E+03,1.403039E+00,1.736415E+04,1.899043E+04,7.243843E-01,2.339183E+04,2.564823E-01,0.000000E+00,0.000000E+00,2.093593E+00,1.976593E+04,6.192715E+00,8.313024E+04,8.244662E+04,2.093593E+00,1.184420E+05,2.093593E+00,0.000000E+00,0.000000E+00,1.972747E-01,1.862500E+03,8.291851E-01,1.057052E+04,1.065784E+04,4.287606E-01,1.555460E+04,1.972747E-01,0.000000E+00,0.000000E+00,1.972747E-01,1.862500E+03,1.066379E+00,1.321345E+04,1.342877E+04,4.288252E-01,1.555583E+04,1.972747E-01,0.000000E+00,0.000000E+00
19:00:00,2.564823E-01,2.529090E+03,1.388811E+00,1.709816E+04,1.870599E+04,7.231407E-01,2.336823E+04,2.564823E-01,0.000000E+00,0.000000E+00,2.093593E+00,2.064425E+04,6.107397E+00,8.130187E+04,8.048430E+04,2.093593E+00,1.184420E+05,2.093593E+00,0.000000E+00,0.000000E+00,1.972747E-01,1.945262E+03,8.144927E-01,1.032412E+04,1.039786E+04,4.282120E-01,1.554419E+04,1.972747E-01,0.000000E+00,0.000000E+00,1.972747E-01,1.945262E+03,1.051732E+00,1.296757E+04,1.317298E+04,4.282765E-01,1.554542E+04,1.972747E-01,0.000000E+00,0.000000E+00
19:10:00,2.564823E-01,2.607997E+03,1.374602E+00,1.686101E+04,1.845693E+04,7.219452E-01,2.334554E+04,2.564823E-01,0.000000E+00,0.000000E+00,2.093593E+00,2.128835E+04,6.023038E+00,7.971811E+04,7.879975E+04,2.093593E+00,1.184420E+05,2.093593E+00,0.000000E+00,0.000000E+00,1.972747E-01,2.005955E+03,7.997390E-01,1.009907E+04,1.016310E+04,4.276822E-01,1.553413E+04,1.972747E-01,0.000000E+00,0.000000E+00,1.972747E-01,2.005955E+03,1.037011E+00,1.274291E+04,1.294168E+04,4.277468E-01,1.553536E+04,1.972747E-01,0.000000E+00,0.000000E+00
19:20:00,2.564823E-01,2.686905E+03,1.360072E+00,1.662007E+04,1.820193E+04,7.207945E-01,2.332369E+04,2.564823E-01,0.000000E+00,0.000000E+00,2.093593E+00,2.193246E+04,5.938256E+00,7.812883E+04,7.709973E+04,2.093593E+00,1.184420E+05,2.093593E+00,0.000000E+00,0.000000E+00,1.972747E-01,2.066647E+03,7.848375E-01,9.872276E+03,9.924846E+03,4.271706E-01,1.552442E+04,1.972747E-01,0.000000E+00,0.000000E+00,1.972747E-01,2.066647E+03,1.022142E+00,1.251645E+04,1.270697E+04,4.272352E-01,1.552565E+04,1.972747E-01,0.000000E+00,0.000000E+00
19:30:00,2.564823E-01,2.765813E+03,1.345473E+00,1.637835E+04,1.795077E+04,7.196810E-01,2.330256E+04,2.564823E-01,0.000000E+00,0.000000E+00,2.093593E+00,2.257656E+04,5.854528E+00,7.655125E+04,7.543335E+04,2.093593E+00,1.184420E+05,2.093593E+00,0.000000E+00,0.000000E+00,1.972747E-01,2.127340E+03,7.698922E-01,9.644990E+03,9.688448E+03,4.266750E-01,1.551502E+04,1.972747E-01,0.000000E+00,0.000000E+00,1.972747E-01,2.127340E+03,1.007224E+00,1.228945E+04,1.247359E+04,4.267396E-01,1.551624E+04,1.972747E-01,0.000000E+00,0.000000E+00
19:40:00,2.564823E-01,2.844721E+03,1.330658E+00,1.613423E+04,1.769409E+04,7.186021E-01,2.328208E+04,2.564823E-01,0.000000E+00,0.000000E+00,2.093593E+00,2.322066E+04,5.770836E+00,7.497408E+04,7.375171E+04,2.093593E+00,1.184420E+05,2.093593E+00,0.000000E+00,0.000000E+00,1.972747E-01,2.188032E+03,7.548640E-01,9.416782E+03,9.448734E+03,4.261952E-01,1.550591E+04,1.972747E-01,0.000000E+00,0.000000E+00,1.972747E-01,2.188032E+03,9.922284E-01,1.206157E+04,1.223732E+04,4.262598E-01,1.550713E+04,1.972747E-01,0.000000E+00,0.000000E+00
19:50:00,2.564823E-01,2.923629E+03,1.316081E+00,1.589282E+04,1.743955E+04,7.175555E-01,2.326221E+04,2.564823E-01,0.000000E+00,0.000000E+00,2.093593E+00,2.386476E+04,5.689380E+00,7.342211E+04,7.209235E+04,2.093593E+00,1.184420E+05,2.093593E+00,0.000000E+00,0.000000E+00,1.972747E-01,2.248724E+03,7.398475E-01,9.188737E+03,9.208089E+03,4.257307E-01,1.549709E+04,1.972747E-01,0.000000E+00,0.000000E+00,1.972747E-01,2.248724E+03,9.772653E-01,1.183411E+04,1.200075E+04,4.257952E-01,1.549831E+04,1.972747E-01,0.000000E+00,0.000000E+00
20:00:00,2.564823E-01,3.002537E+03,1.301609E+00,1.565253E+04,1.718593E+04,7.165397E-01,2.324293E+04,2.564823E-01,0.000000E+00,0.000000E+00,2.093593E+00,2.450887E+04,5.609434E+00,7.188673E+04,7.044857E+04,2.093593E+00,1.184420E+05,2.093593E+00,0.000000E+00,0.000000E+00,1.972747E-01,2.309417E+03,7.251241E-01,8.963931E+03,8.970848E+03,4.252808E-01,1.548855E+04,1.972747E-01,0.000000E+00,0.000000E+00,1.972747E-01,2.309417E+03,9.626377E-01,1.161034E+04,1.176829E+04,4.253453E-01,1.548977E+04,1.972747E-01,0.000000E+00,0.000000E+00
20:10:00,2.564823E-01,3.067098E+03,1.287180E+00,1.542706E+04,1.694716E+04,7.155418E-01,2.322399E+04,2.564823E-01,0.000000E+00,0.000000E+00,2.093593E+00,2.503586E+04,5.530600E+00,7.048086E+04,6.893500E+04,2.093593E+00,1.184420E+05,2.093593E+00,0.000000E+00,0.000000E+00,1.972747E-01,2.359074E+03,7.105108E-01,8.751390E+03,8.745930E+03,4.248403E-01,1.548019E+04,1.972747E-01,0.000000E+00,0.000000E+00,1.972747E-01,2.359074E+03,9.481474E-01,1.139914E+04,1.154871E+04,4.249048E-01,1.548141E+04,1.972747E-01,0.000000E+00,0.000000E+00
20:20:00,2.564823E-01,3.131659E+03,1.273158E+00,1.520626E+04,1.671372E+04,7.145529E-01,2.320522E+04,2.564823E-01,0.000000E+00,0.000000E+00,2.093593E+00,2.556285E+04,5.454021E+00,6.910058E+04,6.744895E+04,2.093593E+00,1.184420E+05,2.093593E+00,0.000000E+00,0.000000E+00,1.972747E-01,2.408732E+03,6.959626E-01,8.539628E+03,8.521397E+03,4.244053E-01,1.547193E+04,1.972747E-01,0.000000E+00,0.000000E+00,1.972747E-01,2.408732E+03,9.337270E-01,1.118880E+04,1.132979E+04,4.244699E-01,1.547316E+04,1.972747E-01,0.000000E+00,0.000000E+00
20:30:00,2.564823E-01,3.196220E+03,1.259456E+00,1.498902E+04,1.648412E+04,7.135790E-01,2.318673E+04,2.564823E-01,0.000000E+00,0.000000E+00,2.093593E+00,2.608985E+04,5.379783E+00,6.774643E+04,6.599119E+04,2.093593E+00,1.184420E+05,2.093593E+00,0.000000E+00,0.000000E+00,1.972747E-01,2.458389E+03,6.819426E-01,8.333757E+03,8.303413E+03,4.239772E-01,1.546381E+04,1.972747E-01,0.000000E+00,0.000000E+00,1.972747E-01,2.458389E+03,9.198568E-01,1.098459E+04,1.111770E+04,4.240418E-01,1.546503E+04,1.972747E-01,0.000000E+00,0.000000E+00
20:40:00,2.564823E-01,3.260781E+03,1.246299E+00,1.477786E+04,1.626131E+04,7.126240E-01,2.316860E+04,2.564823E-01,0.000000E+00,0.000000E+00,2.093593E+00,2.661684E+04,5.309150E+00,6.643247E+04,6.457842E+04,2.093593E+00,1.184420E+05,2.093593E+00,0.000000E+00,0.000000E+00,1.972747E-01,2.508046E+03,6.687288E-01,8.136870E+03,8.095094E+03,4.235570E-01,1.545583E+04,1.972747E-01,0.000000E+00,0.000000E+00,1.972747E-01,2.508046E+03,9.068134E-01,1.078960E+04,1.091532E+04,4.236216E-01,1.545705E+04,1.972747E-01,0.000000E+00,0.000000E+00
20:50:00,2.564823E-01,3.325342E+03,1.233827E+00,1.457434E+04,1.604706E+04,7.116980E-01,2.315102E+04,2.564823E-01,0.000000E+00,0.000000E+00,2.093593E+00,2.714383E+04,5.242803E+00,6.516623E+04,6.321903E+04,2.093593E+00,1.184420E+05,2.093593E+00,0.000000E+00,0.000000E+00,1.972747E-01,2.557704E+03,6.565413E-01,7.951416E+03,7.898896E+03,4.231486E-01,1.544808E+04,1.972747E-01,0.000000E+00,0.000000E+00,1.972747E-01,2.557704E+03,8.948156E-01,1.060626E+04,1.072493E+04,4.232131E-01,1.544930E+04,1.972747E-01,0.000000E+00,0.000000E+00
21:00:00,2.564823E-01,3.389903E+03,1.222171E+00,1.437990E+04,1.584296E+04,7.107994E-01,2.313397E+04,2.564823E-01,0.000000E+00,0.000000E+00,2.093593E+00,2.767083E+04,5.181311E+00,6.395410E+04,6.192031E+04,2.093593E+00,1.184420E+05,2.093593E+00,0.000000E+00,0.000000E+00,1.972747E-01,2.607361E+03,6.454287E-01,7.777939E+03,7.715357E+03,4.227513E-01,1.544053E+04,1.972747E-01,0.000000E+00,0.000000E+00,1.972747E-01,2.607361E+03,8.839074E-01,1.043506E+04,1.054700E+04,4.228158E-01,1.544176E+04,1.972747E-01,0.000000E+00,0.000000E+00
21:10:00,2.564823E-01,3.454464E+03,1.013504E+00,1.208455E+04,1.310056E+04,5.919488E-01,2.087794E+04,2.564823E-01,0.000000E+00,0.000000E+00,2.093593E+00,2.819782E+04,4.291327E+00,5.379123E+04,4.964434E+04,2.093593E+00,1.184420E+05,2.093593E+00,0.000000E+00,0.000000E+00,1.972747E-01,2.657019E+03,5.330245E-01,6.528003E+03,6.287878E+03,3.521233E-01,1.409987E+04,1.972747E-01,0.000000E+00,0.000000E+00,1.972747E-01,2.657019E+03,7.318372E-01,8.804647E+03,8.771236E+03,3.521771E-01,1.410089E+04,1.972747E-01,0.000000E+00,0.000000E+00
21:20:00,2.564823E-01,3.519025E+03,8.070186E-01,9.829668E+03,1.036912E+04,4.732621E-01,1.862503E+04,2.564823E-01,0.000000E+00,0.000000E+00,2.093593E+00,2.872481E+04,3.413479E+00,4.371424E+04,3.716302E+04,2.093593E+00,1.184420E+05,2.093593E+00,0.000000E+00,0.000000E+00,1.972747E-01,2.706676E+03,4.230537E-01,5.303652E+03,4.864835E+03,2.815668E-01,1.276056E+04,1.972747E-01,0.000000E+00,0.000000E+00,1.972747E-01,2.706676E+03,5.821799E-01,7.213397E+03,7.028791E+03,2.816098E-01,1.276138E+04,1.972747E-01,0.000000E+00,0.000000E+00
21:30:00,2.564823E-01,3.583586E+03,6.026011E-01,7.522314E+03,7.432451E+03,3.547326E-01,1.637510E+04,2.564823E-01,0.000000E+00,0.000000E+00,2.093593E+00,2.925181E+04,2.546472E+00,3.334553E+04,2.370008E+04,2.093593E+00,1.184420E+05,2.093593E+00,0.000000E+00,0.000000E+00,1.972747E-01,2.756334E+03,3.149864E-01,4.045618E+03,3.331543E+03,2.110796E-01,1.142257E+04,1.972747E-01,0.000000E+00,0.000000E+00,1.972747E-01,2.756334E+03,4.343914E-01,5.549925E+03,5.094209E+03,2.111119E-01,1.142319E+04,1.972747E-01,0.000000E+00,0.000000E+00
21:40:00,2.564823E-01,3.648147E+03,4.000826E-01,5.127451E+03,4.359190E+03,2.564823E-01,1.451011E+04,2.564823E-01,0.000000E+00,0.000000E+00,2.093593E+00,2.977880E+04,2.093593E+00,2.744362E+04,1.595750E+04,2.093593E+00,1.184420E+05,2.093593E+00,0.000000E+00,0.000000E+00,1.972747E-01,2.805991E+03,2.085616E-01,2.727133E+03,1.687548E+03,1.972747E-01,1.116053E+04,1.972747E-01,0.000000E+00,0.000000E+00,1.972747E-01,2.805991E+03,2.882057E-01,3.770738E+03,2.996288E+03,1.972747E-01,1.116053E+04,1.972747E-01,0.000000E+00,0.000000E+00
21:50:00,2.564823E-01,3.712708E+03,2.564823E-01,3.297507E+03,1.889619E+03,2.564823E-01,1.451011E+04,2.564823E-01,0.000000E+00,0.000000E+00,2.093593E+00,3.030579E+04,2.093593E+00,2.691663E+04,1.542443E+04,2.093593E+00,1.184420E+05,2.093593E+00,0.000000E+00,0.000000E+00,1.972747E-01,2.855648E+03,1.972747E-01,2.536295E+03,1.453410E+03,1.972747E-01,1.116053E+04,1.972747E-01,0.000000E+00,0.000000E+00,1.972747E-01,2.855648E+03,1.972747E-01,2.536295E+03,1.453410E+03,1.972747E-01,1.116053E+04,1.972747E-01,0.000000E+00,0.000000E+00
22:00:00,2.564823E-01,3.777269E+03,2.564823E-01,3.232946E+03,1.824310E+03,2.564823E-01,1.451011E+04,2.564823E-01,0.000000E+00,0.000000E+00,2.093593E+00,3.083278E+04,2.093593E+00,2.638963E+04,1.489133E+04,2.093593E+00,1.184420E+05,2.093593E+00,0.000000E+00,0.000000E+00,1.972747E-01,2.905306E+03,1.972747E-01,2.486637E+03,1.403177E+03,1.972747E-01,1.116053E+04,1.972747E-01,0.000000E+00,0.000000E+00,1.972747E-01,2.905306E+03,1.972747E-01,2.486637E+03,1.403177E+03,1.972747E-01,1.116053E+04,1.972747E-01,0.000000E+00,0.000000E+00
22:10:00,2.564823E-01,3.827483E+03,2.564823E-01,3.182732E+03,1.773513E+03,2.564823E-01,1.451011E+04,2.564823E-01,0.000000E+00,0.000000E+00,2.093593E+00,3.124267E+04,2.093593E+00,2.597975E+04,1.447669E+04,2.093593E+00,1.184420E+05,2.093593E+00,0.000000E+00,0.000000E+00,1.972747E-01,2.943928E+03,1.972747E-01,2.448015E+03,1.364107E+03,1.972747E-01,1.116053E+04,1.972747E-01,0.000000E+00,0.000000E+00,1.972747E-01,2.943928E+03,1.972747E-01,2.448015E+03,1.364107E+03,1.972747E-01,1.116053E+04,1.972747E-01,0.000000E+00,0.000000E+00
22:20:00,2.564823E-01,3.877697E+03,2.564823E-01,3.132518E+03,1.722720E+03,2.564823E-01,1.451011E+04,2.564823E-01,0.000000E+00,0.000000E+00,2.093593E+00,3.165255E+04,2.093593E+00,2.556987E+04,1.406208E+04,2.093593E+00,1.184420E+05,2.093593E+00,0.000000E+00,0.000000E+00,1.972747E-01,2.982551E+03,1.972747E-01,2.409392E+03,1.325039E+03,1.972747E-01,1.116053E+04,1.972747E-01,0.000000E+00,0.000000E+00,1.972747E-01,2.982551E+03,1.972747E-01,2.409392E+03,1.325039E+03,1.972747E-01,1.116053E+04,1.972747E-01,0.000000E+00,0.000000E+00
22:30:00,2.564823E-01,3.927911E+03,2.564823E-01,3.082304E+03,1.671923E+03,2.564823E-01,1.451011E+04,2.564823E-01,0.000000E+00,0.000000E+00,2.093593E+00,3.206244E+04,2.093593E+00,2.515998E+04,1.364744E+04,2.093593E+00,1.184420E+05,2.093593E+00,0.000000E+00,0.000000E+00,1.972747E-01,3.021173E+03,1.972747E-01,2.370770E+03,1.285968E+03,1.972747E-01,1.116053E+04,1.972747E-01,0.000000E+00,0.000000E+00,1.972747E-01,3.021173E+03,1.972747E-01,2.370770E+03,1.285968E+03,1.972747E-01,1.116053E+04,1.972747E-01,0.000000E+00,0.000000E+00
22:40:00,2.564823E-01,3.978125E+03,2.564823E-01,3.032090E+03,1.621126E+03,2.564823E-01,1.451011E+04,2.564823E-01,0.000000E+00,0.000000E+00,2.093593E+00,3.247232E+04,2.093593E+00,2.475010E+04,1.323280E+04,2.093593E+00,1.184420E+05,2.093593E+00,0.000000E+00,0.000000E+00,1.972747E-01,3.059796E+03,1.972747E-01,2.332148E+03,1.246898E+03,1.972747E-01,1.116053E+04,1.972747E-01,0.000000E+00,0.000000E+00,1.972747E-01,3.059796E+03,1.972747E-01,2.332148E+03,1.246898E+03,1.972747E-01,1.116053E+04,1.972747E-01,0.000000E+00,0.000000E+00
22:50:00,2.564823E-01,4.028339E+03,2.564823E-01,2.981876E+03,1.570333E+03,2.564823E-01,1.451011E+04,2.564823E-01,0.000000E+00,0.000000E+00,2.093593E+00,3.288220E+04,2.093593E+00,2.434021E+04,1.281819E+04,2.093593E+00,1.184420E+05,2.093593E+00,0.000000E+00,0.000000E+00,1.972747E-01,3.098418E+03,1.972747E-01,2.293525E+03,1.207830E+03,1.972747E-01,1.116053E+04,1.972747E-01,0.000000E+00,0.000000E+00,1.972747E-01,3.098418E+03,1.972747E-01,2.293525E+03,1.207830E+03,1.972747E-01,1.116053E+04,1.972747E-01,0.000000E+00,0.000000E+00
23:00:00,2.564823E-01,4.078553E+03,2.564823E-01,2.931661E+03,1.519536E+03,2.564823E-01,1.451011E+04,2.564823E-01,0.000000E+00,0.000000E+00,2.093593E+00,3.329209E+04,2.093593E+00,2.393033E+04,1.240355E+04,2.093593E+00,1.184420E+05,2.093593E+00,0.000000E+00,0.000000E+00,1.972747E-01,3.137040E+03,1.972747E-01,2.254903E+03,1.168759E+03,1.972747E-01,1.116053E+04,1.972747E-01,0.000000E+00,0.000000E+00,1.972747E-01,3.137040E+03,1.972747E-01,2.254903E+03,1.168759E+03,1.972747E-01,1.116053E+04,1.972747E-01,0.000000E+00,0.000000E+00
23:10:00,2.564823E-01,4.128767E+03,2.564823E-01,2.881447E+03,1.468743E+03,2.564823E-01,1.451011E+04,2.564823E-01,0.000000E+00,0.000000E+00,2.093593E+00,3.370197E+04,2.093593E+00,2.352045E+04,1.198894E+04,2.093593E+00,1.184420E+05,2.093593E+00,0.000000E+00,0.000000E+00,1.972747E-01,3.175663E+03,1.972747E-01,2.216280E+03,1.129692E+03,1.972747E-01,1.116053E+04,1.972747E-01,0.000000E+00,0.000000E+00,1.972747E-01,3.175663E+03,1.972747E-01,2.216280E+03,1.129692E+03,1.972747E-01,1.116053E+04,1.972747E-01,0.000000E+00,0.000000E+00
23:20:00,2.564823E-01,4.178981E+03,2.564823E-01,2.831233E+03,1.417946E+03,2.564823E-01,1.451011E+04,2.564823E-01,0.000000E+00,0.000000E+00,2.093593E+00,3.411185E+04,2.093593E+00,2.311056E+04,1.157430E+04,2.093593E+00,1.184420E+05,2.093593E+00,0.000000E+00,0.000000E+00,1.972747E-01,3.214285E+03,1.972747E-01,2.177658E+03,1.090621E+03,1.972747E-01,1.116053E+04,1.972747E-01,0.000000E+00,0.000000E+00,1.972747E-01,3.214285E+03,1.972747E-01,2.177658E+03,1.090621E+03,1.972747E-01,1.116053E+04,1.972747E-01,0.000000E+00,0.000000E+00
23:30:00,2.564823E-01,4.229195E+03,2.564823E-01,2.781019E+03,1.367153E+03,2.564823E-01,1.451011E+04,2.564823E-01,0.000000E+00,0.000000E+00,2.093593E+00,3.452174E+04,2.093593E+00,2.270068E+04,1.115969E+04,2.093593E+00,1.184420E+05,2.093593E+00,0.000000E+00,0.000000E+00,1.972747E-01,3.252908E+03,1.972747E-01,2.139035E+03,1.051553E+03,1.972747E-01,1.116053E+04,1.972747E-01,0.000000E+00,0.000000E+00,1.972747E-01,3.252908E+03,1.972747E-01,2.139035E+03,1.051553E+03,1.972747E-01,1.116053E+04,1.972747E-01,0.000000E+00,0.000000E+00
23:40:00,2.564823E-01,4.279410E+03,2.564823E-01,2.730805E+03,1.316356E+03,2.564823E-01,1.451011E+04,2.564823E-01,0.000000E+00,0.000000E+00,2.093593E+00,3.493162E+04,2.093593E+00,2.229080E+04,1.074505E+04,2.093593E+00,1.184420E+05,2.093593E+00,0.000000E+00,0.000000E+00,1.972747E-01,3.291530E+03,1.972747E-01,2.100413E+03,1.012482E+03,1.972747E-01,1.116053E+04,1.972747E-01,0.000000E+00,0.000000E+00,1.972747E-01,3.291530E+03,1.972747E-01,2.100413E+03,1.012482E+03,1.972747E-01,1.116053E+04,1.972747E-01,0.000000E+00,0.000000E+00
23:50:00,2.564823E-01,4.329624E+03,2.564823E-01,2.680591E+03,1.265560E+03,2.564823E-01,1.451011E+04,2.564823E-01,0.000000E+00,0.000000E+00,2.093593E+00,3.534150E+04,2.093593E+00,2.188091E+04,1.033041E+04,2.093593E+00,1.184420E+05,2.093593E+00,0.000000E+00,0.000000E+00,1.972747E-01,3.330153E+03,1.972747E-01,2.061791E+03,9.734117E+02,1.972747E-01,1.116053E+04,1.972747E-01,0.000000E+00,0.000000E+00,1.972747E-01,3.330153E+03,1.972747E-01,2.061791E+03,9.734117E+02,1.972747E-01,1.116053E+04,1.972747E-01,0.000000E+00,0.000000E+00
24:00:00,2.564823E-01,4.379838E+03,2.564823E-01,2.630377E+03,1.214767E+03,2.564823E-01,1.451011E+04,2.564823E-01,0.000000E+00,0.000000E+00,2.093593E+00,3.575139E+04,2.093593E+00,2.147103E+04,9.915799E+03,2.093593E+00,1.184420E+05,2.093593E+00,0.000000E+00,0.000000E+00,1.972747E-01,3.368775E+03,1.972747E-01,2.023168E+03,9.343441E+02,1.972747E-01,1.116053E+04,1.972747E-01,0.000000E+00,0.000000E+00,1.972747E-01,3.368775E+03,1.972747E-01,2.023168E+03,9.343441E+02,1.972747E-01,1.116053E+04,1.972747E-01,0.000000E+00,0.000000E+00
Coinc Peak   ,1.190720E+00,1.735519E+00,3.243183E+04,2.138725E+04,3.180681E+00,7.616068E+00,1.393752E+05,1.118094E+05,6.495989E-01,1.273020E+00,1.981191E+04,1.672375E+04,6.496717E-01,1.517704E+00,1.981330E+04,1.945006E+04
NonCoinc Peak,1.190720E+00,1.719427E+00,3.243183E+04,2.138725E+04,3.180681E+00,7.616068E+00,1.393752E+05,1.118094E+05,6.495989E-01,1.273020E+00,1.981191E+04,1.672375E+04,6.496717E-01,1.517704E+00,1.981330E+04,1.945006E+04
