Time,BACK_SPACE ZN:BOISE AIR TERMINAL  UO ANN HTG 99.6% CONDNS DB:Des Heat Load [W],BACK_SPACE ZN:BOISE AIR TERMINAL  UO ANN CLG .4% CONDNS DB=>MWB:Des Sens Cool Load [W],BACK_SPACE ZN:BOISE AIR TERMINAL  UO ANN HTG 99.6% CONDNS DB:Des Heat Mass Flow [kg/s],BACK_SPACE ZN:BOISE AIR TERMINAL  UO ANN CLG .4% CONDNS DB=>MWB:Des Cool Mass Flow [kg/s],CORE_RETAIL ZN:BOISE AIR TERMINAL  UO ANN HTG 99.6% CONDNS DB:Des Heat Load [W],CORE_RETAIL ZN:BOISE AIR TERMINAL  UO ANN CLG .4% CONDNS DB=>MWB:Des Sens Cool Load [W],CORE_RETAIL ZN:BOISE AIR TERMINAL  UO ANN HTG 99.6% CONDNS DB:Des Heat Mass Flow [kg/s],CORE_RETAIL ZN:BOISE AIR TERMINAL  UO ANN CLG .4% CONDNS DB=>MWB:Des Cool Mass Flow [kg/s],FRONT_ENTRY ZN:BOISE AIR TERMINAL  UO ANN HTG 99.6% CONDNS DB:Des Heat Load [W],FRONT_ENTRY ZN::Des Sens Cool Load [W],FRONT_ENTRY ZN:BOISE AIR TERMINAL  UO ANN HTG 99.6% CONDNS DB:Des Heat Mass Flow [kg/s],FRONT_ENTRY ZN::Des Cool Mass Flow [kg/s],FRONT_RETAIL ZN:BOISE AIR TERMINAL  UO ANN HTG 99.6% CONDNS DB:Des Heat Load [W],FRONT_RETAIL ZN:BOISE AIR TERMINAL  UO ANN CLG .4% CONDNS DB=>MWB:Des Sens Cool Load [W],FRONT_RETAIL ZN:BOISE AIR TERMINAL  UO ANN HTG 99.6% CONDNS DB:Des Heat Mass Flow [kg/s],FRONT_RETAIL ZN:BOISE AIR TERMINAL  UO ANN CLG .4% CONDNS DB=>MWB:Des Cool Mass Flow [kg/s],POINT_OF_SALE ZN:BOISE AIR TERMINAL  UO ANN HTG 99.6% CONDNS DB:Des Heat Load [W],POINT_OF_SALE ZN:BOISE AIR TERMINAL  UO ANN CLG .4% CONDNS DB=>MWB:Des Sens Cool Load [W],POINT_OF_SALE ZN:BOISE AIR TERMINAL  UO ANN HTG 99.6% CONDNS DB:Des Heat Mass Flow [kg/s],POINT_OF_SALE ZN:BOISE AIR TERMINAL  UO ANN CLG .4% CONDNS DB=>MWB:Des Cool Mass Flow [kg/s]
00:10:00,7.192815E+02,0.000000E+00,2.887013E-02,0.000000E+00,0.000000E+00,1.608410E+03,0.000000E+00,9.471421E-02,3.801872E+02,0.000000E+00,1.082501E-02,0.000000E+00,2.272371E+03,0.000000E+00,9.117783E-02,0.000000E+00,2.273299E+03,2.030054E+03,9.121506E-02,1.195533E-01
00:20:00,1.005732E+03,0.000000E+00,4.036402E-02,0.000000E+00,0.000000E+00,2.128177E+03,0.000000E+00,1.253201E-01,3.928850E+02,0.000000E+00,1.118652E-02,0.000000E+00,2.345958E+03,0.000000E+00,9.413020E-02,0.000000E+00,2.346872E+03,2.054798E+03,9.416690E-02,1.210117E-01
00:30:00,1.323449E+03,0.000000E+00,5.311246E-02,0.000000E+00,0.000000E+00,2.658531E+03,0.000000E+00,1.565428E-01,4.046366E+02,0.000000E+00,1.152110E-02,0.000000E+00,2.411514E+03,0.000000E+00,9.676038E-02,0.000000E+00,2.412418E+03,2.074441E+03,9.679664E-02,1.221696E-01
00:40:00,1.573183E+03,0.000000E+00,6.312433E-02,0.000000E+00,0.000000E+00,2.855844E+03,0.000000E+00,1.681631E-01,4.156823E+02,0.000000E+00,1.183559E-02,0.000000E+00,2.470638E+03,0.000000E+00,9.913244E-02,0.000000E+00,2.471534E+03,2.090056E+03,9.916839E-02,1.230901E-01
00:50:00,1.766570E+03,0.000000E+00,7.088385E-02,0.000000E+00,0.000000E+00,3.204579E+03,0.000000E+00,1.886992E-01,4.260037E+02,0.000000E+00,1.212945E-02,0.000000E+00,2.524443E+03,0.000000E+00,1.012911E-01,0.000000E+00,2.525339E+03,2.102546E+03,1.013270E-01,1.238265E-01
01:00:00,1.963694E+03,0.000000E+00,7.879336E-02,0.000000E+00,0.000000E+00,3.452005E+03,0.000000E+00,2.032706E-01,4.357927E+02,0.000000E+00,1.240816E-02,0.000000E+00,2.574857E+03,0.000000E+00,1.033137E-01,0.000000E+00,2.575759E+03,2.112748E+03,1.033499E-01,1.244280E-01
01:10:00,2.127010E+03,0.000000E+00,8.534625E-02,0.000000E+00,0.000000E+00,3.675427E+03,0.000000E+00,2.164285E-01,4.449111E+02,0.000000E+00,1.266778E-02,0.000000E+00,2.623336E+03,0.000000E+00,1.052587E-01,0.000000E+00,2.624255E+03,2.121231E+03,1.052956E-01,1.249282E-01
01:20:00,2.273851E+03,0.000000E+00,9.123809E-02,0.000000E+00,0.000000E+00,3.876655E+03,0.000000E+00,2.282796E-01,4.534348E+02,0.000000E+00,1.291047E-02,0.000000E+00,2.670536E+03,0.000000E+00,1.071524E-01,0.000000E+00,2.671462E+03,2.127850E+03,1.071896E-01,1.253185E-01
01:30:00,2.407507E+03,0.000000E+00,9.660085E-02,0.000000E+00,0.000000E+00,4.060606E+03,0.000000E+00,2.391136E-01,4.613938E+02,0.000000E+00,1.313708E-02,0.000000E+00,2.716040E+03,4.017646E+00,1.089781E-01,2.366527E-04,2.716974E+03,2.132776E+03,1.090155E-01,1.256092E-01
01:40:00,2.530319E+03,0.000000E+00,1.015285E-01,0.000000E+00,0.000000E+00,4.230284E+03,0.000000E+00,2.491072E-01,4.688418E+02,0.000000E+00,1.334914E-02,0.000000E+00,2.760254E+03,1.084439E+01,1.107520E-01,6.386187E-04,2.761197E+03,2.136616E+03,1.107898E-01,1.258358E-01
01:50:00,2.644299E+03,0.000000E+00,1.061018E-01,0.000000E+00,0.000000E+00,4.388218E+03,0.000000E+00,2.584094E-01,4.758369E+02,0.000000E+00,1.354831E-02,0.000000E+00,2.803627E+03,1.797956E+01,1.124921E-01,1.058747E-03,2.804576E+03,2.139738E+03,1.125302E-01,1.260201E-01
02:00:00,2.750760E+03,0.000000E+00,1.103733E-01,0.000000E+00,0.000000E+00,4.536438E+03,0.000000E+00,2.671396E-01,4.824258E+02,0.000000E+00,1.373591E-02,0.000000E+00,2.845731E+03,2.699327E+01,1.141814E-01,1.589486E-03,2.846686E+03,2.142335E+03,1.142197E-01,1.261734E-01
02:10:00,2.850714E+03,0.000000E+00,1.143837E-01,0.000000E+00,0.000000E+00,4.675922E+03,0.000000E+00,2.753554E-01,4.886499E+02,0.000000E+00,1.391313E-02,0.000000E+00,2.886619E+03,3.723581E+01,1.158218E-01,2.192583E-03,2.887578E+03,2.144400E+03,1.158603E-01,1.262953E-01
02:20:00,2.944990E+03,0.000000E+00,1.181663E-01,0.000000E+00,0.000000E+00,4.807670E+03,0.000000E+00,2.831158E-01,4.945472E+02,0.000000E+00,1.408105E-02,0.000000E+00,2.926339E+03,4.850407E+01,1.174154E-01,2.856076E-03,2.927302E+03,2.146233E+03,1.174541E-01,1.264034E-01
02:30:00,3.034247E+03,0.000000E+00,1.217476E-01,0.000000E+00,0.000000E+00,4.932574E+03,0.000000E+00,2.904732E-01,5.001519E+02,0.000000E+00,1.424063E-02,0.000000E+00,2.964960E+03,5.657741E+01,1.189650E-01,3.331362E-03,2.965926E+03,2.148081E+03,1.190037E-01,1.265124E-01
02:40:00,3.119014E+03,0.000000E+00,1.251486E-01,0.000000E+00,0.000000E+00,5.050803E+03,0.000000E+00,2.974377E-01,5.054939E+02,0.000000E+00,1.439273E-02,0.000000E+00,3.002561E+03,6.246938E+01,1.204736E-01,3.678297E-03,3.003531E+03,2.149709E+03,1.205125E-01,1.266083E-01
02:50:00,3.199710E+03,0.000000E+00,1.283863E-01,0.000000E+00,0.000000E+00,5.163169E+03,0.000000E+00,3.040569E-01,5.105996E+02,0.000000E+00,1.453811E-02,0.000000E+00,3.039203E+03,6.853830E+01,1.219437E-01,4.035651E-03,3.040176E+03,2.151106E+03,1.219827E-01,1.266906E-01
03:00:00,3.276666E+03,0.000000E+00,1.314740E-01,0.000000E+00,0.000000E+00,5.270415E+03,0.000000E+00,3.103746E-01,5.154924E+02,0.000000E+00,1.467742E-02,0.000000E+00,3.074899E+03,7.309114E+01,1.233759E-01,4.303737E-03,3.075875E+03,2.152353E+03,1.234150E-01,1.267641E-01
03:10:00,3.350141E+03,0.000000E+00,1.344220E-01,0.000000E+00,0.000000E+00,5.372549E+03,0.000000E+00,3.163913E-01,5.201923E+02,0.000000E+00,1.481124E-02,0.000000E+00,3.109695E+03,7.666239E+01,1.247719E-01,4.514025E-03,3.110672E+03,2.153197E+03,1.248112E-01,1.268139E-01
03:20:00,3.420322E+03,0.000000E+00,1.372378E-01,0.000000E+00,0.000000E+00,5.469922E+03,0.000000E+00,3.221277E-01,5.247169E+02,0.000000E+00,1.494008E-02,0.000000E+00,3.143631E+03,7.934959E+01,1.261335E-01,4.672258E-03,3.144610E+03,2.153618E+03,1.261728E-01,1.268387E-01
03:30:00,3.487319E+03,0.000000E+00,1.399258E-01,0.000000E+00,0.000000E+00,5.562779E+03,0.000000E+00,3.275982E-01,5.290817E+02,0.000000E+00,1.506436E-02,0.000000E+00,3.176746E+03,8.125848E+01,1.274621E-01,4.784662E-03,3.177727E+03,2.153635E+03,1.275015E-01,1.268396E-01
03:40:00,3.551096E+03,0.000000E+00,1.424847E-01,0.000000E+00,0.000000E+00,5.651891E+03,0.000000E+00,3.328481E-01,5.332999E+02,0.000000E+00,1.518447E-02,0.000000E+00,3.209077E+03,8.249412E+01,1.287593E-01,4.857424E-03,3.210059E+03,2.153277E+03,1.287988E-01,1.268185E-01
03:50:00,3.611886E+03,0.000000E+00,1.449236E-01,0.000000E+00,0.000000E+00,5.737260E+03,0.000000E+00,3.378776E-01,5.373833E+02,0.000000E+00,1.530074E-02,0.000000E+00,3.240657E+03,8.311532E+01,1.300264E-01,4.894005E-03,3.241641E+03,2.152552E+03,1.300659E-01,1.267758E-01
04:00:00,3.670202E+03,0.000000E+00,1.472634E-01,0.000000E+00,0.000000E+00,5.818858E+03,0.000000E+00,3.426850E-01,5.413420E+02,0.000000E+00,1.541345E-02,0.000000E+00,3.271518E+03,8.316694E+01,1.312646E-01,4.897047E-03,3.272503E+03,2.151464E+03,1.313041E-01,1.267118E-01
04:10:00,3.726237E+03,0.000000E+00,1.495116E-01,0.000000E+00,0.000000E+00,5.897329E+03,0.000000E+00,3.473084E-01,5.451849E+02,0.000000E+00,1.552288E-02,0.000000E+00,3.301687E+03,8.299831E+01,1.324751E-01,4.887120E-03,3.302674E+03,2.150320E+03,1.325147E-01,1.266444E-01
04:20:00,3.780111E+03,0.000000E+00,1.516731E-01,0.000000E+00,0.000000E+00,5.972801E+03,0.000000E+00,3.517550E-01,5.489199E+02,0.000000E+00,1.562922E-02,0.000000E+00,3.331192E+03,8.266352E+01,1.336588E-01,4.867409E-03,3.332180E+03,2.149142E+03,1.336985E-01,1.265750E-01
04:30:00,3.831793E+03,0.000000E+00,1.537466E-01,0.000000E+00,0.000000E+00,6.045512E+03,0.000000E+00,3.560391E-01,5.525536E+02,0.000000E+00,1.573269E-02,0.000000E+00,3.360054E+03,8.222105E+01,1.348169E-01,4.841356E-03,3.361043E+03,2.147955E+03,1.348566E-01,1.265051E-01
04:40:00,3.881316E+03,0.000000E+00,1.557336E-01,0.000000E+00,0.000000E+00,6.115674E+03,0.000000E+00,3.601730E-01,5.560922E+02,0.000000E+00,1.583345E-02,0.000000E+00,3.388297E+03,8.171767E+01,1.359501E-01,4.811717E-03,3.389287E+03,2.146784E+03,1.359898E-01,1.264361E-01
04:50:00,3.930106E+03,0.000000E+00,1.576911E-01,0.000000E+00,0.000000E+00,6.183485E+03,0.000000E+00,3.641685E-01,5.595410E+02,0.000000E+00,1.593165E-02,0.000000E+00,3.415941E+03,8.119495E+01,1.370592E-01,4.780940E-03,3.416932E+03,2.145652E+03,1.370990E-01,1.263694E-01
05:00:00,3.978158E+03,0.000000E+00,1.596190E-01,0.000000E+00,0.000000E+00,6.249175E+03,0.000000E+00,3.680390E-01,5.629047E+02,0.000000E+00,1.602742E-02,0.000000E+00,3.443003E+03,8.068877E+01,1.381450E-01,4.751135E-03,3.443995E+03,2.144579E+03,1.381848E-01,1.263062E-01
05:10:00,4.025842E+03,0.000000E+00,1.615322E-01,0.000000E+00,0.000000E+00,6.314454E+03,0.000000E+00,3.718854E-01,5.661874E+02,0.000000E+00,1.612090E-02,0.000000E+00,3.469502E+03,8.115562E+01,1.392082E-01,4.778626E-03,3.470494E+03,2.144491E+03,1.392480E-01,1.263010E-01
05:20:00,4.073517E+03,0.000000E+00,1.634450E-01,0.000000E+00,0.000000E+00,6.379858E+03,0.000000E+00,3.757391E-01,5.693929E+02,0.000000E+00,1.621217E-02,0.000000E+00,3.495452E+03,8.266740E+01,1.402494E-01,4.867646E-03,3.496446E+03,2.145443E+03,1.402893E-01,1.263571E-01
05:30:00,4.121692E+03,1.284722E+01,1.653779E-01,7.565629E-04,0.000000E+00,6.453938E+03,0.000000E+00,3.801037E-01,5.725245E+02,0.000000E+00,1.630134E-02,0.000000E+00,3.520869E+03,8.884852E+01,1.412692E-01,5.231609E-03,3.521864E+03,2.150619E+03,1.413091E-01,1.266619E-01
05:40:00,4.170885E+03,2.949377E+01,1.673517E-01,1.736736E-03,0.000000E+00,6.540823E+03,0.000000E+00,3.852227E-01,5.755852E+02,0.000000E+00,1.638849E-02,0.000000E+00,3.545767E+03,1.005876E+02,1.422682E-01,5.922856E-03,3.546763E+03,2.160800E+03,1.423081E-01,1.272616E-01
05:50:00,4.219909E+03,5.364175E+01,1.693187E-01,3.158608E-03,1.564236E+02,6.646543E+03,6.277458E-03,3.914513E-01,5.785778E+02,0.000000E+00,1.647370E-02,0.000000E+00,3.570159E+03,1.185887E+02,1.432469E-01,6.982847E-03,3.571155E+03,2.176709E+03,1.432869E-01,1.281987E-01
06:00:00,4.268676E+03,8.690215E+01,1.712754E-01,5.117048E-03,2.976437E+02,6.777911E+03,1.194399E-02,3.991908E-01,5.815038E+02,0.000000E+00,1.655701E-02,0.000000E+00,3.594052E+03,1.441711E+02,1.442055E-01,8.489284E-03,3.595048E+03,2.199702E+03,1.442455E-01,1.295531E-01
06:10:00,8.151724E+03,4.068457E+03,3.305437E-01,2.430428E-01,1.639269E+04,2.110767E+04,6.577665E-01,1.243180E+00,7.492918E+02,0.000000E+00,2.165690E-02,0.000000E+00,5.275001E+03,1.660473E+03,2.151036E-01,9.862681E-02,5.276040E+03,3.712560E+03,2.151464E-01,2.231478E-01
06:20:00,9.919384E+03,5.585406E+03,4.150295E-01,3.518914E-01,2.130112E+04,2.568095E+04,8.820134E-01,1.585680E+00,8.724853E+02,0.000000E+00,2.572193E-02,0.000000E+00,6.132491E+03,2.383609E+03,2.572747E-01,1.507189E-01,6.133573E+03,4.583027E+03,2.573203E-01,2.896794E-01
06:30:00,1.241958E+04,8.115923E+03,5.317961E-01,5.309069E-01,3.179064E+04,3.569920E+04,1.356705E+00,2.306877E+00,9.934663E+02,0.000000E+00,2.970874E-02,0.000000E+00,7.144038E+03,3.524812E+03,3.061126E-01,2.316160E-01,7.145125E+03,5.692778E+03,3.061592E-01,3.723638E-01
06:40:00,1.355888E+04,9.269147E+03,5.870138E-01,6.127142E-01,3.530097E+04,3.919568E+04,1.515553E+00,2.567835E+00,1.076151E+03,0.000000E+00,3.251074E-02,0.000000E+00,7.691920E+03,4.095043E+03,3.339858E-01,2.722624E-01,7.693028E+03,6.359546E+03,3.340343E-01,4.238291E-01
06:50:00,1.467207E+04,1.051601E+04,6.410963E-01,7.011579E-01,3.912039E+04,4.340489E+04,1.689196E+00,2.879182E+00,1.150146E+03,0.000000E+00,3.504496E-02,0.000000E+00,8.205561E+03,4.701834E+03,3.603309E-01,3.155354E-01,8.206683E+03,7.025148E+03,3.603808E-01,4.752644E-01
07:00:00,1.570266E+04,1.170503E+04,6.914827E-01,7.856151E-01,4.281515E+04,4.746479E+04,1.857121E+00,3.180396E+00,1.216674E+03,0.000000E+00,3.734921E-02,0.000000E+00,8.678944E+03,5.286120E+03,3.848741E-01,3.573012E-01,8.680077E+03,7.669109E+03,3.849254E-01,5.252458E-01
07:10:00,1.717916E+04,1.279718E+04,7.919149E-01,9.280627E-01,4.640189E+04,5.307553E+04,2.123774E+00,3.843801E+00,1.304305E+03,0.000000E+00,4.100943E-02,0.000000E+00,9.303213E+03,6.056013E+03,4.295959E-01,4.419694E-01,9.304345E+03,8.565631E+03,4.296484E-01,6.267585E-01
07:20:00,1.574308E+04,1.170964E+04,7.328872E-01,8.571583E-01,4.149346E+04,4.789577E+04,1.899527E+00,3.479859E+00,1.302025E+03,0.000000E+00,4.157514E-02,0.000000E+00,8.823433E+03,5.836970E+03,4.140267E-01,4.348665E-01,8.824572E+03,8.352648E+03,4.140810E-01,6.288853E-01
07:30:00,1.625207E+04,1.288354E+04,7.806758E-01,1.005851E+00,4.034176E+04,5.157045E+04,1.914022E+00,4.001183E+00,1.360219E+03,0.000000E+00,4.419917E-02,0.000000E+00,9.150033E+03,6.384352E+03,4.416964E-01,5.037847E-01,9.151190E+03,8.984065E+03,4.417529E-01,7.107523E-01
07:40:00,1.746185E+04,1.435673E+04,8.558396E-01,1.156813E+00,4.619402E+04,5.743900E+04,2.241230E+00,4.602048E+00,1.427151E+03,0.000000E+00,4.700738E-02,0.000000E+00,9.677412E+03,7.113184E+03,4.767299E-01,5.787485E-01,9.678572E+03,9.703100E+03,4.767878E-01,7.926007E-01
07:50:00,1.856934E+04,1.568405E+04,9.255654E-01,1.296659E+00,4.950665E+04,6.264228E+04,2.439674E+00,5.157238E+00,1.488750E+03,0.000000E+00,4.960995E-02,0.000000E+00,1.016891E+04,7.772352E+03,5.096961E-01,6.483057E-01,1.017007E+04,1.037662E+04,5.097553E-01,8.705007E-01
08:00:00,1.962816E+04,1.698026E+04,9.922669E-01,1.432856E+00,5.307696E+04,6.781854E+04,2.650568E+00,5.707865E+00,1.546582E+03,0.000000E+00,5.206365E-02,0.000000E+00,1.063948E+04,8.418382E+03,5.413324E-01,7.164197E-01,1.064065E+04,1.103395E+04,5.413931E-01,9.467053E-01
08:10:00,1.630372E+04,1.436759E+04,8.463596E-01,1.269937E+00,4.060375E+04,5.715395E+04,2.112314E+00,5.051901E+00,3.028148E+03,0.000000E+00,1.027873E-01,0.000000E+00,9.253469E+03,7.369060E+03,4.803760E-01,6.513158E-01,9.254611E+03,9.927645E+03,4.804353E-01,8.772685E-01
08:20:00,1.792414E+04,1.636326E+04,9.304782E-01,1.446266E+00,4.764307E+04,6.700954E+04,2.477750E+00,5.922727E+00,4.637000E+03,0.000000E+00,1.573934E-01,0.000000E+00,9.755555E+03,8.092082E+03,5.064401E-01,7.151950E-01,9.756659E+03,1.056138E+04,5.064974E-01,9.332598E-01
08:30:00,1.679823E+04,1.504699E+04,8.720298E-01,1.329950E+00,4.520246E+04,6.255464E+04,2.346622E+00,5.529210E+00,6.183643E+03,0.000000E+00,2.098141E-01,0.000000E+00,9.264541E+03,7.624197E+03,4.809506E-01,6.738185E-01,9.265634E+03,1.010388E+04,4.810074E-01,8.928133E-01
08:40:00,1.627476E+04,1.478567E+04,8.448579E-01,1.306675E+00,4.261681E+04,6.241354E+04,2.212384E+00,5.515989E+00,7.755577E+03,0.000000E+00,2.630359E-01,0.000000E+00,9.009088E+03,7.545275E+03,4.676901E-01,6.667697E-01,9.010169E+03,1.000077E+04,4.677462E-01,8.836708E-01
08:50:00,1.583000E+04,1.455931E+04,8.217745E-01,1.286577E+00,4.200067E+04,6.223688E+04,2.180405E+00,5.499969E+00,9.337474E+03,0.000000E+00,3.165785E-01,0.000000E+00,8.800160E+03,7.505836E+03,4.568457E-01,6.632457E-01,8.801235E+03,9.950371E+03,4.569015E-01,8.792029E-01
09:00:00,1.547294E+04,1.440586E+04,8.032441E-01,1.272949E+00,4.117446E+04,6.224423E+04,2.137519E+00,5.500292E+00,1.092719E+04,0.000000E+00,3.703853E-01,0.000000E+00,8.631810E+03,7.512276E+03,4.481077E-01,6.637893E-01,8.632880E+03,9.947930E+03,4.481633E-01,8.789770E-01
09:10:00,1.517982E+04,1.430846E+04,7.880316E-01,1.264345E+00,4.046383E+04,6.239216E+04,2.100632E+00,5.513371E+00,1.090425E+04,0.000000E+00,3.694518E-01,0.000000E+00,8.493365E+03,7.561769E+03,4.409218E-01,6.681646E-01,8.494432E+03,9.990369E+03,4.409772E-01,8.827328E-01
09:20:00,1.493445E+04,1.424896E+04,7.752969E-01,1.259091E+00,3.984847E+04,6.262428E+04,2.068690E+00,5.533897E+00,1.088592E+04,0.000000E+00,3.686783E-01,0.000000E+00,8.377505E+03,7.647576E+03,4.349080E-01,6.757494E-01,8.378569E+03,1.007088E+04,4.349632E-01,8.898523E-01
09:30:00,1.472546E+04,1.421739E+04,7.644497E-01,1.256301E+00,3.930788E+04,6.291947E+04,2.040630E+00,5.559974E+00,1.086921E+04,0.000000E+00,3.680331E-01,0.000000E+00,8.279002E+03,7.765666E+03,4.297950E-01,6.861850E-01,8.280064E+03,1.018503E+04,4.298501E-01,8.999431E-01
09:40:00,1.454424E+04,1.421080E+04,7.550437E-01,1.255690E+00,3.882567E+04,6.328130E+04,2.015599E+00,5.591784E+00,1.085468E+04,0.000000E+00,3.675194E-01,0.000000E+00,8.193766E+03,7.912149E+03,4.253705E-01,6.991178E-01,8.194826E+03,1.032838E+04,4.254255E-01,9.126015E-01
09:50:00,1.438484E+04,1.422106E+04,7.467702E-01,1.256567E+00,3.839071E+04,6.368147E+04,1.993021E+00,5.626974E+00,1.084234E+04,0.000000E+00,3.670971E-01,0.000000E+00,8.119093E+03,8.081724E+03,4.214942E-01,7.140898E-01,8.120150E+03,1.049554E+04,4.215491E-01,9.273626E-01
10:00:00,1.424281E+04,1.424643E+04,7.393983E-01,1.258793E+00,3.799442E+04,6.412028E+04,1.972450E+00,5.665654E+00,1.083171E+04,0.000000E+00,3.667343E-01,0.000000E+00,8.052848E+03,8.271105E+03,4.180553E-01,7.308170E-01,8.053904E+03,1.068294E+04,4.181102E-01,9.439151E-01
10:10:00,1.411473E+04,1.428201E+04,7.327500E-01,1.261933E+00,3.762991E+04,6.457982E+04,1.953528E+00,5.706231E+00,1.082241E+04,0.000000E+00,3.664168E-01,0.000000E+00,7.993380E+03,8.473797E+03,4.149683E-01,7.487253E-01,7.994435E+03,1.088384E+04,4.150230E-01,9.616660E-01
10:20:00,1.399828E+04,1.432501E+04,7.267054E-01,1.265729E+00,3.729292E+04,6.505011E+04,1.936035E+00,5.747767E+00,1.081422E+04,0.000000E+00,3.661382E-01,0.000000E+00,7.939538E+03,8.688142E+03,4.121733E-01,7.676638E-01,7.940592E+03,1.109654E+04,4.122280E-01,9.804593E-01
10:30:00,1.389133E+04,1.437388E+04,7.211535E-01,1.270046E+00,3.697876E+04,6.552616E+04,1.919727E+00,5.789818E+00,1.080697E+04,0.000000E+00,3.658920E-01,0.000000E+00,7.890296E+03,8.911785E+03,4.096169E-01,7.874239E-01,7.891348E+03,1.131847E+04,4.096716E-01,1.000069E+00
10:40:00,1.379217E+04,1.442697E+04,7.160063E-01,1.274735E+00,3.668361E+04,6.600246E+04,1.904406E+00,5.831894E+00,1.080049E+04,0.000000E+00,3.656720E-01,0.000000E+00,7.844831E+03,9.142031E+03,4.072567E-01,8.077675E-01,7.845882E+03,1.154685E+04,4.073113E-01,1.020248E+00
10:50:00,1.369954E+04,1.448307E+04,7.111975E-01,1.279691E+00,3.640467E+04,6.647433E+04,1.889926E+00,5.873581E+00,1.079464E+04,0.000000E+00,3.654735E-01,0.000000E+00,7.802518E+03,9.376190E+03,4.050601E-01,8.284569E-01,7.803568E+03,1.177890E+04,4.051147E-01,1.040751E+00
11:00:00,1.361242E+04,1.454135E+04,7.066752E-01,1.284840E+00,3.613973E+04,6.693770E+04,1.876173E+00,5.914518E+00,1.078932E+04,0.000000E+00,3.652929E-01,0.000000E+00,7.762866E+03,9.611725E+03,4.030017E-01,8.492679E-01,7.763916E+03,1.201201E+04,4.030562E-01,1.061348E+00
11:10:00,1.353004E+04,1.460251E+04,7.023987E-01,1.290244E+00,3.588703E+04,6.739758E+04,1.863055E+00,5.955149E+00,1.078444E+04,0.000000E+00,3.651274E-01,0.000000E+00,7.725487E+03,9.846121E+03,4.010612E-01,8.699783E-01,7.726536E+03,1.224360E+04,4.011157E-01,1.081810E+00
11:20:00,1.345144E+04,1.466279E+04,6.983188E-01,1.295584E+00,3.564402E+04,6.783801E+04,1.850439E+00,5.994138E+00,1.077992E+04,0.000000E+00,3.649740E-01,0.000000E+00,7.689947E+03,1.007597E+04,3.992162E-01,8.902958E-01,7.690995E+03,1.247026E+04,3.992706E-01,1.101848E+00
11:30:00,1.337624E+04,1.472366E+04,6.944149E-01,1.300979E+00,3.540998E+04,6.826764E+04,1.838290E+00,6.032183E+00,1.077571E+04,0.000000E+00,3.648309E-01,0.000000E+00,7.656035E+03,1.029976E+04,3.974557E-01,9.100799E-01,7.657082E+03,1.269041E+04,3.975101E-01,1.121311E+00
11:40:00,1.330414E+04,1.478387E+04,6.906722E-01,1.306316E+00,3.518445E+04,6.868076E+04,1.826582E+00,6.068772E+00,1.077175E+04,0.000000E+00,3.646967E-01,0.000000E+00,7.623597E+03,1.051534E+04,3.957717E-01,9.291391E-01,7.624644E+03,1.290192E+04,3.958260E-01,1.140013E+00
11:50:00,1.323487E+04,1.484296E+04,6.870759E-01,1.311552E+00,3.496680E+04,6.907532E+04,1.815284E+00,6.103720E+00,1.076803E+04,0.000000E+00,3.645702E-01,0.000000E+00,7.592490E+03,1.071392E+04,3.941568E-01,9.466954E-01,7.593535E+03,1.309589E+04,3.942111E-01,1.157164E+00
12:00:00,1.316817E+04,1.490025E+04,6.836135E-01,1.316631E+00,3.475648E+04,6.944865E+04,1.804365E+00,6.136794E+00,1.076450E+04,0.000000E+00,3.644505E-01,0.000000E+00,7.562591E+03,1.089834E+04,3.926047E-01,9.630016E-01,7.563636E+03,1.327528E+04,3.926589E-01,1.173027E+00
12:10:00,1.310385E+04,1.495208E+04,6.802745E-01,1.321212E+00,3.455300E+04,6.978423E+04,1.793802E+00,6.166451E+00,2.038384E+04,0.000000E+00,6.901287E-01,0.000000E+00,7.533801E+03,1.106796E+04,3.911101E-01,9.779895E-01,7.534846E+03,1.343951E+04,3.911643E-01,1.187539E+00
12:20:00,1.304174E+04,1.500673E+04,6.770501E-01,1.326018E+00,3.435596E+04,7.012112E+04,1.783573E+00,6.196104E+00,3.000587E+04,0.000000E+00,1.015353E+00,0.000000E+00,7.506038E+03,1.122542E+04,3.896687E-01,9.918875E-01,7.507081E+03,1.359123E+04,3.897229E-01,1.200928E+00
12:30:00,1.298169E+04,1.505446E+04,6.739327E-01,1.330234E+00,3.416500E+04,7.041472E+04,1.773660E+00,6.222032E+00,3.962842E+04,0.000000E+00,1.340269E+00,0.000000E+00,7.479238E+03,1.136696E+04,3.882775E-01,1.004391E+00,7.480281E+03,1.372690E+04,3.883316E-01,1.212912E+00
12:40:00,1.292358E+04,1.510000E+04,6.709159E-01,1.334258E+00,3.397984E+04,7.068754E+04,1.764047E+00,6.246136E+00,4.925166E+04,0.000000E+00,1.665039E+00,0.000000E+00,7.453353E+03,1.149359E+04,3.869336E-01,1.015579E+00,7.454396E+03,1.384748E+04,3.869878E-01,1.223565E+00
12:50:00,1.286730E+04,1.514165E+04,6.679941E-01,1.337938E+00,3.380019E+04,7.093272E+04,1.754721E+00,6.267799E+00,5.887541E+04,0.000000E+00,1.989742E+00,0.000000E+00,7.428335E+03,1.161154E+04,3.856349E-01,1.026000E+00,7.429377E+03,1.395943E+04,3.856890E-01,1.233457E+00
13:00:00,1.281275E+04,1.517927E+04,6.651626E-01,1.341262E+00,3.362581E+04,7.115031E+04,1.745669E+00,6.287025E+00,6.849955E+04,0.000000E+00,2.314415E+00,0.000000E+00,7.404140E+03,1.171595E+04,3.843788E-01,1.035226E+00,7.405182E+03,1.405790E+04,3.844329E-01,1.242157E+00
13:10:00,1.275987E+04,1.521420E+04,6.624169E-01,1.344363E+00,3.345650E+04,7.134683E+04,1.736879E+00,6.304468E+00,6.850131E+04,0.000000E+00,2.313285E+00,0.000000E+00,7.380729E+03,1.180556E+04,3.831634E-01,1.043153E+00,7.381770E+03,1.414162E+04,3.832175E-01,1.249566E+00
13:20:00,1.270856E+04,1.524050E+04,6.597534E-01,1.346711E+00,3.329204E+04,7.149537E+04,1.728342E+00,6.317716E+00,6.850076E+04,0.000000E+00,2.312611E+00,0.000000E+00,7.358060E+03,1.187753E+04,3.819866E-01,1.049528E+00,7.359101E+03,1.420779E+04,3.820406E-01,1.255431E+00
13:30:00,1.265877E+04,1.526519E+04,6.571686E-01,1.348895E+00,3.313224E+04,7.162859E+04,1.720046E+00,6.329501E+00,6.850004E+04,0.000000E+00,2.312250E+00,0.000000E+00,7.336090E+03,1.193381E+04,3.808460E-01,1.054503E+00,7.337130E+03,1.425828E+04,3.809000E-01,1.259895E+00
13:40:00,1.261043E+04,1.528372E+04,6.546593E-01,1.350532E+00,3.297691E+04,7.172544E+04,1.711982E+00,6.338058E+00,6.849894E+04,0.000000E+00,2.312043E+00,0.000000E+00,7.314777E+03,1.197266E+04,3.797396E-01,1.057935E+00,7.315817E+03,1.429143E+04,3.797936E-01,1.262825E+00
13:50:00,1.256350E+04,1.529718E+04,6.522227E-01,1.351721E+00,3.282589E+04,7.179081E+04,1.704142E+00,6.343831E+00,6.849757E+04,0.000000E+00,2.311910E+00,0.000000E+00,7.294087E+03,1.199426E+04,3.786655E-01,1.059843E+00,7.295127E+03,1.430740E+04,3.787195E-01,1.264235E+00
14:00:00,1.251791E+04,1.530529E+04,6.498562E-01,1.352437E+00,3.267904E+04,7.182357E+04,1.696518E+00,6.346724E+00,6.849605E+04,0.000000E+00,2.311814E+00,0.000000E+00,7.273992E+03,1.200566E+04,3.776223E-01,1.060850E+00,7.275032E+03,1.431327E+04,3.776763E-01,1.264753E+00
14:10:00,1.247363E+04,1.530772E+04,6.475572E-01,1.352652E+00,3.253620E+04,7.182306E+04,1.689103E+00,6.346676E+00,6.849443E+04,0.000000E+00,2.311736E+00,0.000000E+00,7.254470E+03,1.200146E+04,3.766088E-01,1.060478E+00,7.255510E+03,1.430362E+04,3.766628E-01,1.263899E+00
14:20:00,1.243060E+04,1.530431E+04,6.453236E-01,1.352349E+00,3.239726E+04,7.178854E+04,1.681890E+00,6.343623E+00,6.849276E+04,0.000000E+00,2.311668E+00,0.000000E+00,7.235501E+03,1.198011E+04,3.756241E-01,1.058591E+00,7.236540E+03,1.427686E+04,3.756780E-01,1.261534E+00
14:30:00,1.238879E+04,1.529486E+04,6.431531E-01,1.351515E+00,3.226210E+04,7.171916E+04,1.674873E+00,6.337490E+00,6.849107E+04,0.000000E+00,2.311604E+00,0.000000E+00,7.217067E+03,1.194121E+04,3.746670E-01,1.055153E+00,7.218106E+03,1.423258E+04,3.747210E-01,1.257622E+00
14:40:00,1.234816E+04,1.527926E+04,6.410436E-01,1.350136E+00,3.213059E+04,7.161423E+04,1.668046E+00,6.328216E+00,6.848938E+04,0.000000E+00,2.311544E+00,0.000000E+00,7.199150E+03,1.188460E+04,3.737369E-01,1.050150E+00,7.200189E+03,1.417064E+04,3.737909E-01,1.252148E+00
14:50:00,1.230867E+04,1.525740E+04,6.389933E-01,1.348204E+00,3.200264E+04,7.147327E+04,1.661404E+00,6.315758E+00,6.848769E+04,0.000000E+00,2.311485E+00,0.000000E+00,7.181737E+03,1.181034E+04,3.728329E-01,1.043588E+00,7.182775E+03,1.409112E+04,3.728868E-01,1.245121E+00
15:00:00,1.227027E+04,1.522922E+04,6.370003E-01,1.345713E+00,3.187814E+04,7.129587E+04,1.654940E+00,6.300079E+00,6.848602E+04,0.000000E+00,2.311427E+00,0.000000E+00,7.164811E+03,1.171167E+04,3.719542E-01,1.034868E+00,7.165849E+03,1.398718E+04,3.720081E-01,1.235936E+00
15:10:00,1.223295E+04,1.519452E+04,6.350627E-01,1.342647E+00,3.175698E+04,7.108971E+04,1.648650E+00,6.281860E+00,6.848438E+04,0.000000E+00,2.311370E+00,0.000000E+00,7.148359E+03,1.159365E+04,3.711001E-01,1.024439E+00,7.149397E+03,1.386401E+04,3.711540E-01,1.225052E+00
15:20:00,1.219667E+04,1.515323E+04,6.331790E-01,1.338997E+00,3.163908E+04,7.083814E+04,1.642530E+00,6.259628E+00,6.848277E+04,0.000000E+00,2.311315E+00,0.000000E+00,7.132367E+03,1.145817E+04,3.702699E-01,1.012468E+00,7.133405E+03,1.372350E+04,3.703238E-01,1.212636E+00
15:30:00,1.216139E+04,1.510562E+04,6.313475E-01,1.334790E+00,3.152433E+04,7.054039E+04,1.636573E+00,6.233315E+00,6.848119E+04,0.000000E+00,2.311261E+00,0.000000E+00,7.116822E+03,1.130649E+04,3.694629E-01,9.990638E-01,7.117860E+03,1.356708E+04,3.695168E-01,1.198813E+00
15:40:00,1.212708E+04,1.505215E+04,6.295666E-01,1.330066E+00,3.141265E+04,7.020088E+04,1.630775E+00,6.203312E+00,6.847964E+04,0.000000E+00,2.311208E+00,0.000000E+00,7.101711E+03,1.114004E+04,3.686784E-01,9.843560E-01,7.102749E+03,1.339618E+04,3.687323E-01,1.183712E+00
15:50:00,1.209372E+04,1.499330E+04,6.278348E-01,1.324865E+00,3.130396E+04,6.982343E+04,1.625132E+00,6.169956E+00,6.847813E+04,0.000000E+00,2.311157E+00,0.000000E+00,7.087021E+03,1.096040E+04,3.679158E-01,9.684822E-01,7.088059E+03,1.321242E+04,3.679697E-01,1.167475E+00
16:00:00,1.206128E+04,1.492943E+04,6.261507E-01,1.319221E+00,3.119816E+04,6.941066E+04,1.619640E+00,6.133479E+00,6.847666E+04,0.000000E+00,2.311106E+00,0.000000E+00,7.072741E+03,1.076925E+04,3.671745E-01,9.515908E-01,7.073779E+03,1.301751E+04,3.672284E-01,1.150252E+00
16:10:00,1.202974E+04,1.486126E+04,6.245129E-01,1.313196E+00,3.109518E+04,6.895530E+04,1.614293E+00,6.093240E+00,6.847522E+04,0.000000E+00,2.311057E+00,0.000000E+00,7.058858E+03,1.056952E+04,3.664538E-01,9.339426E-01,7.059896E+03,1.281444E+04,3.665076E-01,1.132308E+00
16:20:00,1.199905E+04,1.478922E+04,6.229199E-01,1.306831E+00,3.099493E+04,6.847637E+04,1.609089E+00,6.050917E+00,6.847382E+04,0.000000E+00,2.311009E+00,0.000000E+00,7.045361E+03,1.036355E+04,3.657531E-01,9.157425E-01,7.046399E+03,1.260562E+04,3.658070E-01,1.113856E+00
16:30:00,1.196921E+04,1.471336E+04,6.213706E-01,1.300127E+00,3.089735E+04,6.797605E+04,1.604023E+00,6.006705E+00,6.847245E+04,0.000000E+00,2.310962E+00,0.000000E+00,7.032240E+03,1.015363E+04,3.650719E-01,8.971929E-01,7.033277E+03,1.239323E+04,3.651258E-01,1.095088E+00
16:40:00,1.194018E+04,1.463350E+04,6.198637E-01,1.293070E+00,3.080235E+04,6.744953E+04,1.599092E+00,5.960177E+00,6.847112E+04,0.000000E+00,2.310917E+00,0.000000E+00,7.019483E+03,9.939368E+03,3.644096E-01,8.782603E-01,7.020520E+03,1.217695E+04,3.644635E-01,1.075978E+00
16:50:00,1.191194E+04,1.454947E+04,6.183978E-01,1.285644E+00,3.070987E+04,6.689175E+04,1.594290E+00,5.910888E+00,6.846983E+04,0.000000E+00,2.310873E+00,0.000000E+00,7.007079E+03,9.724373E+03,3.637657E-01,8.592628E-01,7.008117E+03,1.196011E+04,3.638196E-01,1.056817E+00
17:00:00,1.188448E+04,1.446119E+04,6.169719E-01,1.277844E+00,3.061983E+04,6.630252E+04,1.589616E+00,5.858819E+00,6.846857E+04,0.000000E+00,2.310830E+00,0.000000E+00,6.995020E+03,9.512839E+03,3.631396E-01,8.405712E-01,6.996057E+03,1.174719E+04,3.631935E-01,1.038004E+00
17:10:00,1.185776E+04,1.436871E+04,6.155848E-01,1.269671E+00,3.053217E+04,6.568464E+04,1.585065E+00,5.804219E+00,6.846734E+04,0.000000E+00,2.310788E+00,0.000000E+00,6.983294E+03,9.307997E+03,3.625309E-01,8.224710E-01,6.984331E+03,1.154131E+04,3.625847E-01,1.019812E+00
17:20:00,1.183177E+04,1.427209E+04,6.142354E-01,1.261133E+00,3.044683E+04,6.503894E+04,1.580635E+00,5.747160E+00,6.846615E+04,0.000000E+00,2.310747E+00,0.000000E+00,6.971892E+03,9.113530E+03,3.619390E-01,8.052876E-01,6.972929E+03,1.134614E+04,3.619928E-01,1.002566E+00
17:30:00,1.180648E+04,1.417147E+04,6.129226E-01,1.252243E+00,3.036373E+04,6.436551E+04,1.576321E+00,5.687651E+00,6.846499E+04,0.000000E+00,2.310707E+00,0.000000E+00,6.960806E+03,8.932440E+03,3.613635E-01,7.892864E-01,6.961843E+03,1.116466E+04,3.614173E-01,9.865306E-01
17:40:00,1.178188E+04,1.406708E+04,6.116454E-01,1.243018E+00,3.028282E+04,6.366993E+04,1.572120E+00,5.626185E+00,6.846386E+04,0.000000E+00,2.310669E+00,0.000000E+00,6.950025E+03,8.767576E+03,3.608038E-01,7.747190E-01,6.951062E+03,1.099969E+04,3.608576E-01,9.719536E-01
17:50:00,1.175794E+04,1.395909E+04,6.104028E-01,1.233476E+00,3.020403E+04,6.295949E+04,1.568030E+00,5.563405E+00,6.846276E+04,0.000000E+00,2.310631E+00,0.000000E+00,6.939542E+03,8.616860E+03,3.602596E-01,7.614019E-01,6.940579E+03,1.084935E+04,3.603134E-01,9.586706E-01
18:00:00,1.173487E+04,1.384761E+04,6.092053E-01,1.223625E+00,3.012814E+04,6.223725E+04,1.564090E+00,5.499583E+00,6.846170E+04,0.000000E+00,2.310595E+00,0.000000E+00,6.929436E+03,8.476996E+03,3.597349E-01,7.490437E-01,6.930473E+03,1.071001E+04,3.597887E-01,9.463584E-01
18:10:00,1.171237E+04,1.373142E+04,6.080373E-01,1.213351E+00,3.005396E+04,6.149493E+04,1.560239E+00,5.433955E+00,5.883798E+04,0.000000E+00,1.985792E+00,0.000000E+00,6.919588E+03,8.344047E+03,3.592237E-01,7.372931E-01,6.920625E+03,1.057774E+04,3.592775E-01,9.346673E-01
18:20:00,1.169042E+04,1.361173E+04,6.068974E-01,1.202760E+00,2.998146E+04,6.073842E+04,1.556475E+00,5.367037E+00,4.921066E+04,0.000000E+00,1.660990E+00,0.000000E+00,6.909981E+03,8.214567E+03,3.587249E-01,7.258454E-01,6.911018E+03,1.044908E+04,3.587788E-01,9.232900E-01
18:30:00,1.166903E+04,1.348852E+04,6.057872E-01,1.191859E+00,2.991077E+04,5.996968E+04,1.552805E+00,5.299039E+00,3.958369E+04,0.000000E+00,1.336243E+00,0.000000E+00,6.900614E+03,8.084808E+03,3.582386E-01,7.143728E-01,6.901651E+03,1.032020E+04,3.582925E-01,9.118931E-01
18:40:00,1.164821E+04,1.336318E+04,6.047061E-01,1.180769E+00,2.984186E+04,5.919760E+04,1.549228E+00,5.230746E+00,2.995623E+04,0.000000E+00,1.011496E+00,0.000000E+00,6.891471E+03,7.953981E+03,3.577640E-01,7.028060E-01,6.892507E+03,1.019027E+04,3.578178E-01,9.004029E-01
18:50:00,1.162793E+04,1.323232E+04,6.036536E-01,1.169199E+00,2.977468E+04,5.840414E+04,1.545741E+00,5.160596E+00,2.032848E+04,0.000000E+00,6.867445E-01,0.000000E+00,6.882542E+03,7.820272E+03,3.573005E-01,6.909876E-01,6.883579E+03,1.005730E+04,3.573543E-01,8.886492E-01
19:00:00,1.160797E+04,1.309829E+04,6.026173E-01,1.157342E+00,2.970837E+04,5.760028E+04,1.542298E+00,5.089498E+00,1.070055E+04,0.000000E+00,3.619884E-01,0.000000E+00,6.873736E+03,7.681784E+03,3.568433E-01,6.787439E-01,6.874773E+03,9.919259E+03,3.568971E-01,8.764431E-01
19:10:00,1.158878E+04,1.296437E+04,6.016210E-01,1.145502E+00,2.964472E+04,5.680508E+04,1.538994E+00,5.019198E+00,1.069520E+04,0.000000E+00,3.619964E-01,0.000000E+00,6.865232E+03,7.542680E+03,3.564018E-01,6.664492E-01,6.866269E+03,9.780480E+03,3.564556E-01,8.641758E-01
19:20:00,1.157031E+04,1.282720E+04,6.006621E-01,1.133393E+00,2.958342E+04,5.600485E+04,1.535811E+00,4.948547E+00,1.069338E+04,0.000000E+00,3.620027E-01,0.000000E+00,6.857020E+03,7.402075E+03,3.559755E-01,6.540312E-01,6.858056E+03,9.640161E+03,3.560293E-01,8.517847E-01
19:30:00,1.155244E+04,1.268937E+04,5.997342E-01,1.121227E+00,2.952401E+04,5.521449E+04,1.532727E+00,4.878773E+00,1.069120E+04,0.000000E+00,3.619523E-01,0.000000E+00,6.849065E+03,7.261050E+03,3.555625E-01,6.415768E-01,6.850102E+03,9.499375E+03,3.556163E-01,8.393535E-01
19:40:00,1.153512E+04,1.254950E+04,5.988351E-01,1.108882E+00,2.946636E+04,5.442447E+04,1.529734E+00,4.809030E+00,1.068949E+04,0.000000E+00,3.619020E-01,0.000000E+00,6.841363E+03,7.119242E+03,3.551627E-01,6.290533E-01,6.842400E+03,9.357849E+03,3.552165E-01,8.268570E-01
19:50:00,1.151832E+04,1.241194E+04,5.979629E-01,1.096734E+00,2.941037E+04,5.365590E+04,1.526827E+00,4.741150E+00,1.068805E+04,0.000000E+00,3.618555E-01,0.000000E+00,6.833906E+03,6.977582E+03,3.547755E-01,6.165396E-01,6.834942E+03,9.216679E+03,3.548294E-01,8.143878E-01
20:00:00,1.150201E+04,1.227531E+04,5.971164E-01,1.084674E+00,2.935597E+04,5.290122E+04,1.524003E+00,4.674529E+00,1.068680E+04,0.000000E+00,3.618137E-01,0.000000E+00,6.826684E+03,6.838652E+03,3.544006E-01,6.042701E-01,6.827721E+03,9.078629E+03,3.544544E-01,8.021981E-01
20:10:00,1.148599E+04,1.213909E+04,5.962848E-01,1.072650E+00,2.930241E+04,5.215703E+04,1.521223E+00,4.608833E+00,9.066894E+03,0.000000E+00,3.069703E-01,0.000000E+00,6.819613E+03,6.700760E+03,3.540335E-01,5.920923E-01,6.820649E+03,8.941873E+03,3.540873E-01,7.901229E-01
20:20:00,1.147012E+04,1.200683E+04,5.954608E-01,1.060965E+00,2.924921E+04,5.143476E+04,1.518461E+00,4.545017E+00,7.443271E+03,0.000000E+00,2.520120E-01,0.000000E+00,6.812631E+03,6.563549E+03,3.536711E-01,5.799689E-01,6.813667E+03,8.805860E+03,3.537249E-01,7.781058E-01
20:30:00,1.145449E+04,1.187761E+04,5.946492E-01,1.049547E+00,2.919681E+04,5.073463E+04,1.515740E+00,4.483152E+00,5.821092E+03,0.000000E+00,1.971036E-01,0.000000E+00,6.805760E+03,6.431326E+03,3.533144E-01,5.682855E-01,6.806796E+03,8.675048E+03,3.533682E-01,7.665474E-01
20:40:00,1.143916E+04,1.175352E+04,5.938533E-01,1.038582E+00,2.914544E+04,5.006852E+04,1.513073E+00,4.424292E+00,4.198344E+03,0.000000E+00,1.421761E-01,0.000000E+00,6.799014E+03,6.306707E+03,3.529642E-01,5.572740E-01,6.800051E+03,8.552035E+03,3.530180E-01,7.556778E-01
20:50:00,1.142429E+04,1.163590E+04,5.930816E-01,1.028189E+00,2.909569E+04,4.944280E+04,1.510491E+00,4.369002E+00,2.575412E+03,0.000000E+00,8.724278E-02,0.000000E+00,6.792458E+03,6.191766E+03,3.526238E-01,5.471177E-01,6.793494E+03,8.438882E+03,3.526776E-01,7.456797E-01
21:00:00,1.140987E+04,1.152597E+04,5.923328E-01,1.018475E+00,2.904742E+04,4.886288E+04,1.507985E+00,4.317759E+00,9.523615E+02,0.000000E+00,3.230565E-02,0.000000E+00,6.786080E+03,6.086962E+03,3.522927E-01,5.378572E-01,6.787117E+03,8.336004E+03,3.523465E-01,7.365895E-01
21:10:00,9.502057E+03,9.558091E+03,4.932906E-01,8.445868E-01,2.418551E+04,4.046979E+04,1.255581E+00,3.576106E+00,7.906109E+02,0.000000E+00,2.682940E-02,0.000000E+00,5.652347E+03,5.026890E+03,2.934361E-01,4.441870E-01,5.653211E+03,6.901851E+03,2.934809E-01,6.098643E-01
21:20:00,7.596880E+03,7.610779E+03,3.943851E-01,6.725155E-01,1.933249E+04,3.219115E+04,1.003638E+00,2.844566E+00,6.328178E+02,0.000000E+00,2.147583E-02,0.000000E+00,4.519761E+03,3.989768E+03,2.346390E-01,3.525448E-01,4.520452E+03,5.490453E+03,2.346748E-01,4.851499E-01
21:30:00,5.694225E+03,5.682971E+03,2.956105E-01,5.021676E-01,1.448791E+04,2.401475E+04,7.521341E-01,2.122060E+00,4.737923E+02,0.000000E+00,1.607948E-02,0.000000E+00,3.388289E+03,2.970597E+03,1.758997E-01,2.624887E-01,3.388807E+03,4.096680E+03,1.759266E-01,3.619928E-01
21:40:00,3.793977E+03,3.773072E+03,1.969609E-01,3.334022E-01,9.651380E+03,1.593034E+04,5.010475E-01,1.407683E+00,3.155278E+02,0.000000E+00,1.070861E-02,0.000000E+00,2.257887E+03,1.966918E+03,1.172160E-01,1.738014E-01,2.258232E+03,2.718023E+03,1.172339E-01,2.401714E-01
21:50:00,1.895914E+03,1.879303E+03,9.842465E-02,1.660620E-01,4.822093E+03,7.928305E+03,2.503370E-01,7.005840E-01,1.576234E+02,0.000000E+00,5.349654E-03,0.000000E+00,1.128464E+03,9.771447E+02,5.858311E-02,8.634279E-02,1.128637E+03,1.352889E+03,5.859207E-02,1.195448E-01
22:00:00,0.000000E+00,0.000000E+00,0.000000E+00,0.000000E+00,0.000000E+00,0.000000E+00,0.000000E+00,0.000000E+00,0.000000E+00,0.000000E+00,0.000000E+00,0.000000E+00,0.000000E+00,0.000000E+00,0.000000E+00,0.000000E+00,0.000000E+00,0.000000E+00,0.000000E+00,0.000000E+00
22:10:00,0.000000E+00,0.000000E+00,0.000000E+00,0.000000E+00,0.000000E+00,0.000000E+00,0.000000E+00,0.000000E+00,2.092026E+01,0.000000E+00,5.965999E-04,0.000000E+00,0.000000E+00,0.000000E+00,0.000000E+00,0.000000E+00,0.000000E+00,2.246789E+02,0.000000E+00,1.334055E-02
22:20:00,0.000000E+00,0.000000E+00,0.000000E+00,0.000000E+00,0.000000E+00,0.000000E+00,0.000000E+00,0.000000E+00,5.021090E+01,0.000000E+00,1.430636E-03,0.000000E+00,1.583307E+02,0.000000E+00,6.376751E-03,0.000000E+00,1.586368E+02,4.406362E+02,6.389051E-03,2.605737E-02
22:30:00,0.000000E+00,0.000000E+00,0.000000E+00,0.000000E+00,0.000000E+00,0.000000E+00,0.000000E+00,0.000000E+00,8.636453E+01,0.000000E+00,2.460085E-03,0.000000E+00,3.684130E+02,0.000000E+00,1.480641E-02,0.000000E+00,3.687010E+02,6.708949E+02,1.481798E-02,3.961578E-02
22:40:00,0.000000E+00,0.000000E+00,0.000000E+00,0.000000E+00,0.000000E+00,0.000000E+00,0.000000E+00,0.000000E+00,1.293437E+02,0.000000E+00,3.683869E-03,0.000000E+00,5.920640E+02,0.000000E+00,2.378048E-02,0.000000E+00,5.926022E+02,9.451869E+02,2.380209E-02,5.576763E-02
22:50:00,0.000000E+00,0.000000E+00,0.000000E+00,0.000000E+00,0.000000E+00,0.000000E+00,0.000000E+00,0.000000E+00,1.771900E+02,0.000000E+00,5.046228E-03,0.000000E+00,8.646770E+02,0.000000E+00,3.471914E-02,0.000000E+00,8.653947E+02,1.236802E+03,3.474795E-02,7.293998E-02
23:00:00,0.000000E+00,0.000000E+00,0.000000E+00,0.000000E+00,0.000000E+00,0.000000E+00,0.000000E+00,0.000000E+00,2.289693E+02,0.000000E+00,6.520562E-03,0.000000E+00,1.165186E+03,0.000000E+00,4.677709E-02,0.000000E+00,1.166077E+03,1.542194E+03,4.681286E-02,9.092393E-02
23:10:00,0.000000E+00,0.000000E+00,0.000000E+00,0.000000E+00,0.000000E+00,0.000000E+00,0.000000E+00,0.000000E+00,2.627876E+02,0.000000E+00,7.482547E-03,0.000000E+00,1.488868E+03,0.000000E+00,5.976481E-02,0.000000E+00,1.489928E+03,1.633963E+03,5.980735E-02,9.621874E-02
23:20:00,0.000000E+00,0.000000E+00,0.000000E+00,0.000000E+00,0.000000E+00,0.000000E+00,0.000000E+00,0.000000E+00,2.911108E+02,0.000000E+00,8.288954E-03,0.000000E+00,1.673766E+03,0.000000E+00,6.716007E-02,0.000000E+00,1.674684E+03,1.743306E+03,6.719689E-02,1.026588E-01
23:30:00,0.000000E+00,0.000000E+00,0.000000E+00,0.000000E+00,0.000000E+00,3.193934E+01,0.000000E+00,1.887670E-03,3.152023E+02,0.000000E+00,8.974864E-03,0.000000E+00,1.823754E+03,0.000000E+00,7.317810E-02,0.000000E+00,1.824851E+03,1.845376E+03,7.322213E-02,1.086715E-01
23:40:00,9.579714E+01,0.000000E+00,3.852562E-03,0.000000E+00,0.000000E+00,4.348668E+02,0.000000E+00,2.561245E-02,3.347424E+02,0.000000E+00,9.531181E-03,0.000000E+00,1.974778E+03,0.000000E+00,7.923773E-02,0.000000E+00,1.975783E+03,1.908909E+03,7.927806E-02,1.124146E-01
23:50:00,2.727729E+02,0.000000E+00,1.095383E-02,0.000000E+00,0.000000E+00,7.203754E+02,0.000000E+00,4.242406E-02,3.515932E+02,0.000000E+00,1.001093E-02,0.000000E+00,2.089677E+03,0.000000E+00,8.384780E-02,0.000000E+00,2.090658E+03,1.959288E+03,8.388713E-02,1.153830E-01
24:00:00,4.686775E+02,0.000000E+00,1.881457E-02,0.000000E+00,0.000000E+00,1.137870E+03,0.000000E+00,6.700719E-02,3.663997E+02,0.000000E+00,1.043247E-02,0.000000E+00,2.187861E+03,0.000000E+00,8.778716E-02,0.000000E+00,2.188819E+03,1.998888E+03,8.782556E-02,1.177165E-01
Peak,1.962816E+04,1.698026E+04,9.922669E-01,1.432856E+00,5.307696E+04,7.182357E+04,2.650568E+00,6.346724E+00,6.850131E+04,0.000000E+00,2.313285E+00,0.000000E+00,1.063948E+04,1.200566E+04,5.413324E-01,1.060850E+00,1.064065E+04,1.431327E+04,5.413931E-01,1.264753E+00

Peak Vol Flow (m3/s),,,8.959296E-01,1.293743E+00,,,2.393229E+00,5.730532E+00,,,2.088692E+00,0.000000E+00,,,4.887755E-01,9.578537E-01,,,4.888302E-01,1.141961E+00
